,text,name,favourite_count,retweet_count,created_at
0,"EXIGIMOS UN DISCULPA RÃPIDA Y PÃšBLICA!!!!!
#ApologizeABCCOLOR 
#DisculpateMikeSilvero 
#DisculpateABCCOLOR 
#DisculpateMikeSilvero 
#ApologizeMikeSilvero 
#ApologizeABCCOLOR 
#DisculpateMikeSilvero 
#DisculpateABCCOLOR",_.armyforever._7,0,0,2021-06-18 00:49:29
1,"RT @jhopecatz: abc: su Ã©xito es manipulado 
bts en 2019: 

#DisculpateABCCOLOR https://t.co/RyGnH3jQ7r",ğŸ’œâŸ­âŸ¬SOL_ButterâŸ¬âŸ­â·ğŸ’›,0,6423,2021-06-18 00:49:29
2,"RT @BTSLATAM7: ""Si al final nuestro chaleco antibalas no puede protegerlos, sentiremos las balas a su lado"".

#DisculpateABCCOLOR 
#Disculpâ€¦",JIN BTS ARMYğŸ’œ,0,87,2021-06-18 00:49:21
3,"Si Kim Namjoon era presidente Ã­bamos a tener eso y mÃ¡s, pero que paja tener que representar un paÃ­s de ignorantes
#ApologizeMikeSilvero 
#DisculpateMikeSilvero 
#ApologizeABCCOLOR 
#DisculpateABCCOLOR 
#RACISMISNOTCOMEDY https://t.co/C1cDiiCjwy",Nora Park ğŸ‡µğŸ‡¾ğŸ‡µğŸ‡¾,1,0,2021-06-18 00:48:02
4,"RT @AlexiaDayrin: â€œSi no puedes respetar, ni siquiera abras la bocaâ€-Kim Namjoon #ApologizeMikeSilvero #DisculpateMikeSilvero EXIGIMOS UNAâ€¦",isaâ·ğŸ’œğŸ‡²ğŸ‡½,0,62,2021-06-18 00:47:39
5,"RT @Keinth0: Tengo 17 aÃ±os, un paso de ser adulta, no estoy ""enamorada"" de ellos, aprecio y admiro a esos chicos que me sacaron de mis peorâ€¦",isaâ·ğŸ’œğŸ‡²ğŸ‡½,0,45,2021-06-18 00:47:22
6,"RT @Cami_Army2712: AMISğŸ’œNUNCA OLVIDEN ESTO...ğŸ˜“

BANGTAN: ""Army la pasÃ³ muy mal porque nos querÃ­a proteger""ğŸ¥º

ARMY: ""Si al final no podemosâ€¦",isaâ·ğŸ’œğŸ‡²ğŸ‡½,0,92,2021-06-18 00:46:49
7,"RT @BangtanArmyBest: Gritalo Jimin ğŸ¤º

#DisculpateMikeSilvero
#DisculpateABCCOLOR
#ElRacismoNoEsLibertadDeExpresion
#RacismIsNotFreedomOfExpâ€¦",Melissa Montes,0,4,2021-06-18 00:46:47
8,@mikeotr @DoveMenCare PaÃ­s tercermundista con iPhones y encima machistas y apoyan a un racista les va de puta madre a ustedes. #payasos #DisculpateMikeSilvero #DisculpateABCCOLOR #DisculpateABC,Lalyversus â·,0,0,2021-06-18 00:46:04
9,"RT @Michelle120399: ""Army se hace daÃ±o a si mismos idolatrando a 7 veinteaÃ±eros"" 
No sabÃ­a que ser fan de personas siempre buscan que su faâ€¦",Isabel Swam,0,105,2021-06-18 00:45:55
10,"RT @gracia_es12: Que culero quien se cree este vato  JAJAJAAJAJAJA 
#DisculpateMikeSilvero
#ApologizeABCCOLOR 
#DisculpateABCCOLOR https://â€¦",áµ‡áµ‰ğŸ’ğ¾ ğ¸ ğ‘ŒğŸ‡µğŸ‡ª,0,1,2021-06-18 00:45:30
11,@mikeotr ì €ì£¼ ë°›ì€ por si no sabe de quÃ© hablo viejo de 40 aÃ±os aprenda a leer #DisculpateABCCOLOR,Daniela,0,0,2021-06-18 00:44:39
12,"RT @Valetn_029: Si porque este es uno de los ""productos sobre valorados""

El mundo nesesita mÃ¡s personas como Kim Taehyung

#ApologizeMikeSâ€¦",Elizabeth Salcedo,0,599,2021-06-18 00:43:38
13,"RT @MagaliG60677807: Es que no puedo, JAJAJAJAJAJAJAJA
#DisculpateABCCOLOR  #ApologizeABCCOLOR https://t.co/hoWwD3RvWZ",Celeste,0,299,2021-06-18 00:43:28
14,"GENTE NO PAREN DE USAR LOS # 
NO PAREN YA NO SOMOS TENDENCIAS, NO SE DESANIMEN Y SEGUIREMOS ASI NO VAMOS A LOGRAR NADA Y ESTA GENTE TIENE QUE DISCULPARSE 

#ApologizeMikeSilvero 
#DisculpateMikeSilvero 
#ApologizeABCCOLOR 
#DisculpateABCCOLOR 
#ElRacismoNoEsLibertadDeExpresion https://t.co/CEaTuJbvC8",Nora Park ğŸ‡µğŸ‡¾ğŸ‡µğŸ‡¾,1,0,2021-06-18 00:43:27
15,"RT @ChimmySun: JIMIN Y Becky g dijeron : La gente que crÃ­tica simplemente me da pena. 

La Rap lÃ­ne dijeron : Ustedes, envidioso, resentidoâ€¦",isaâ·ğŸ’œğŸ‡²ğŸ‡½,0,111,2021-06-18 00:43:26
16,@JuanVillalba84 @Simp_de_eve @mikeotr El respeto se gana y el se lo busco ahora que afÃ­nque con las consecuencias. ğŸ’… #DisculpateMikeSilvero #DisculpateABCCOLOR,Lalyversus â·,0,0,2021-06-18 00:42:53
17,@JungkookieAry @BTS_twt Es un horror tener comunicadores como ese en tu paÃ­s #DisculpateMikeSilvero #DisculpateABCCOLOR,Sandy BellğŸŠ,1,0,2021-06-18 00:42:06
18,"RT @StephArmyH: Quieren respeto pero no aprende a respetar el trabajo duro de los demÃ¡s.

EXIGIMOS UNA DISCULPA! 
#DisculpateMikeSilvero #Dâ€¦",ğŸ„â„á¥´êªŠêª— êª€êª–êªœâ…ˆá¦”ê«€Ã±êª®âœ¨ğŸ¿,0,36,2021-06-18 00:41:53
19,"RT @92jinlovrss: EXIGIMOS UNA DISCULPA! 

NO NOS VAMOS A QUEDAR CALLADOS!! 

#DisculpateMikeSilvero
#DisculpateABCCOLOR
#ElRacismoNoEsLiberâ€¦",Luisa Tehuacanero,0,2494,2021-06-18 00:40:01
20,"RT @Solarami10: Se le hizo una entrevista a una army paraguaya #DisculpateMikeSilvero 
#DisculpateABCCOLOR
#ApologizeABCCOLOR https://t.co/â€¦",Guadalupe _ Vicencio 712,0,235,2021-06-18 00:38:48
21,"@nu1_nunez @hectordalegre @mikeotr Payaso eres tÃº y no soy una nena, soy una adulta. que mucho les gusta asumir a ustedes, mira como te explotamos los cojones, quien es el llorÃ³n? Pero sabes que quÃ©date para que veas como le cagamos la fiesta. #DisculpateMikeSilvero #DisculpateABCCOLOR",Lalyversus â·,0,0,2021-06-18 00:38:35
22,"RT @_____Xim______: #RACISMISNOTCOMEDY
#ApologizeABCCOLOR 
#ApologizeMikeSilvero 
#DisculpateABCCOLOR 
#DisculpateMikeSilvero 
DEJEN DE JUSâ€¦",Diana,0,581,2021-06-18 00:37:15
23,"RT @minpark_taekook: Si cree que ARMY dejarÃ¡ esto pasar, esta muy equivocado, basta de burlas, su xenofobia no lo puede hacer ver mÃ¡s estÃºpâ€¦",kook,0,43,2021-06-18 00:37:13
24,"RT @StephArmyH: Quieren respeto pero no aprende a respetar el trabajo duro de los demÃ¡s.

EXIGIMOS UNA DISCULPA! 
#DisculpateMikeSilvero #Dâ€¦",kook,0,36,2021-06-18 00:36:58
25,"RT @sugadboy: â€” Estoy harta de que no midan el peso de sus palabras, harta de que disfracen el racismo con â€œlibertad de expresiÃ³nâ€.
Â¿Hastaâ€¦",ğŸ’›Miminâ™¥ã€ŠğŸğŸ·ã€‹ğŸŒ‘ğŸŒ»,0,2850,2021-06-18 00:36:20
26,"@mikeotr 40 aÃ±os seÃ±or, y no sabe como pedir una disculpa apropiadamente. 0 profesional en su trabajo, una sola cosa tenÃ­a que hacer, y lo hizo de la peor forma posible. 

#RACISMISNOTCOMEDY
#ApologizeABCCOLOR 
#ApologizeMikeSilvero 
#DisculpateABCCOLOR 
#DisculpateMikeSilvero",ê¦¼ . Ó„ Ö… Ê„ É¨ . à¬¼à½»áŸ¹ÛŸ áµ—áµ‰áµ—áµ‰,1,0,2021-06-18 00:35:44
27,"RT @dooly_king: ""El prejuicio es hijo de la ignorancia."" â€” William Hazlitt

#DisculpateMikeSilvero
#DisculpateABCCOLOR
#ElRacismoNoEsLibertâ€¦",ç›ç³Â·åº·å¤š,0,1863,2021-06-18 00:35:42
28,"EXIGIMOS UNA DISCULPA

#DisculpateMikeSilvero
#DisculpateABCCOLOR
#ElRacismoNoEsLibertadDeExpresion
#RacismIsNotFreedomOfExpression #ApologizeABCCOLOR",sha!,2,0,2021-06-18 00:35:20
29,"@HormonxGJk EXIGIMOS UNA DISCULPA

#DisculpateMikeSilvero
#DisculpateABCCOLOR
#ElRacismoNoEsLibertadDeExpresion
#RacismIsNotFreedomOfExpression #ApologizeABCCOLOR",sha!,0,0,2021-06-18 00:35:14
30,RT @My_Angel_52: @mikeotr Corrupto e ignorante aparte de racista #ApologizeABCCOLOR @ABCDigital nada mas ve el tipo de colaboradores que tiâ€¦,âœ§ï½¥ï¾Ÿ*Evelyn Alisson*ï¾Ÿï½¥âœ§,0,1,2021-06-18 00:34:25
31,"RT @rMwEJT7u0mOcd2t: @mikeotr Solo voy a decirte esto 
#RACISMISNOTCOMEDY #DisculpateMikeSilvero 
#DisculpateABCCOLOR https://t.co/ogpn9hpsâ€¦",âœ§ï½¥ï¾Ÿ*Evelyn Alisson*ï¾Ÿï½¥âœ§,0,4,2021-06-18 00:33:38
32,"RT @MKTorres10: ARMY NO SE CANSARA HASTA RECIBIR UNA DISCULPA

#DisculpateMikeSilvero
#DisculpateABCCOLOR 
#ApologizeMikeSilvero 
#Apologizâ€¦",â˜€ğŸ§ˆğŸ’›,0,271,2021-06-18 00:32:28
33,"RT @KathyBArmy: Llamar ""Monologo""

A Palabras Hirientes y DifamaciÃ³n. No es excusa para liberarse de una responsabilidad. Es Inaceptable

Eâ€¦",â˜€ğŸ§ˆğŸ’›,0,253,2021-06-18 00:31:59
34,"@abiseokjinnie39 Totalmente de acuerdo, ellos ya pasaron por eso y no necesitan mÃ¡s opiniones de gente desinformada. Por eso...
EXIGIMOS UNA DISCULPA

#DisculpateMikeSilvero
#DisculpateABCCOLOR
#ElRacismoNoEsLibertadDeExpresion
#RacismIsNotFreedomOfExpression #ApologizeABCCOLOR",ğŸŒ»Â«VHER22Â»ğŸ§ˆğŸ‡²ğŸ‡½miaw,0,0,2021-06-18 00:31:12
35,"@mikeotr El siemple hecho de burlarse de una banda para provocar a su fandom es un error del que se tiene que disculpar.

#disculpateMikeservero
#DisculpateABCCOLOR",junglovesâ·â˜ï¸ğŸ§ˆ,0,0,2021-06-18 00:28:23
36,"RT @jeonkimBangtan2: !!EXIGIMOS UNA DISCULPA!! 
 la xenofobia no es humor ni opiniÃ³n !!! EXIGIMOS UNA DISCULPA!!!!! 

#ElRacismoNoEsLibertaâ€¦",â›“ğŸ–¤KNKSMYJHPJKTJJ7ğŸ–¤â›“,0,122,2021-06-18 00:27:26
37,"Son sÃ³lo 7 chicos que estÃ¡n cumpliendo sus sueÃ±os....pq el odio y las burlas? Ya deberÃ­an de aprender a RESPETARLOS
army y ellos an dejado claro eso muchas veces y exigimos una disculpa 

 #DisculpateMikeSilvero 
#DisculpateABCCOLOR https://t.co/xlnn2jQWmy",Ironm_an;)ğŸ’™,1,0,2021-06-18 00:25:51
38,"RT @Jennseok18: Mi pregunta es, por quÃ© las cuentas de este MALEDUCADO E IRRESPETUOSO, siguen como si nada?
  
#DisculpateMikeSilvero 
#RACâ€¦",â™¡Vminylesâ™¡Â³â°ğŸ‡¨ğŸ‡´,0,4,2021-06-18 00:24:58
39,"RT @pink_PORQUE: Ese periodista deberÃ­a ir y darle ğŸ§  a cartes o algo mÃ¡s productivo, y esto es lo Ãºltimo que voy a decir del tema
#Disculpaâ€¦",B u t t e r ğŸ‡µğŸ‡¾,0,1,2021-06-18 00:24:58
40,"RT @MariaJosAlfons2: Dejo esto por aquÃ­, vÃ©anlo hasta el final y compartan con sus amigos.
#DisculpateABCCOLOR 
#DisculpateMikeSilvero 
@BTâ€¦",JKFOREVERMYLOVE13.06.2013â™¡â™¡â˜†,0,1,2021-06-18 00:24:52
41,"RT @abiseokjinnie39: no nos debemos callar antes las injusticias que sufren dia a dia, EXIGIMOS UNA DISCULPA PUBLICA
#DisculpateMikeSilveroâ€¦",ArmyğŸ’œğŸ’œ,0,765,2021-06-18 00:23:45
42,"RT @StephArmyH: Quieren respeto pero no aprende a respetar el trabajo duro de los demÃ¡s.

EXIGIMOS UNA DISCULPA! 
#DisculpateMikeSilvero #Dâ€¦",â˜€ğŸ§ˆğŸ’›,0,36,2021-06-18 00:23:26
43,"Estoy tan llena de rabia gran 7
#ApologizeABCCOLOR #DisculpateABCCOLOR",foreverinmyheartğŸ‡µğŸ‡¾,0,0,2021-06-18 00:23:16
44,"@alven_beba Exigimos una disculpa YA !!! 

#DisculpateMikeSilvero
#DisculpateABCCOLOR
#ElRacismoNoEsLibertadDeExpresion
#RacismIsNotFreedomOfExpression #ApologizeABCCOLOR",k.m.armyforever,0,0,2021-06-18 00:21:33
45,"RT @ChimmySun: JIMIN Y Becky g dijeron : La gente que crÃ­tica simplemente me da pena. 

La Rap lÃ­ne dijeron : Ustedes, envidioso, resentidoâ€¦",PiadelaSilva,0,111,2021-06-18 00:20:02
46,"Â¿Quien se apunta para un viaje a Paraguay y visitar la ""empresa"" esta y al seÃ±or y dialogarğŸ˜€?
#DisculpateABCCOLOR 
#DisculpateMikeSilvero https://t.co/1MmviQJt9h",MilyğŸ¥,1,0,2021-06-18 00:19:03
47,"RT @ChimmySun: Una vez que k-army hace lo posible para que todo llegue a las noticias coreanas, los que causaron dichos problemas ya no tieâ€¦",Car.tae,0,51,2021-06-18 00:17:42
48,"RT @abiseokjinnie39: no nos debemos callar antes las injusticias que sufren dia a dia, EXIGIMOS UNA DISCULPA PUBLICA
#DisculpateMikeSilveroâ€¦",êµ­ì´â·,0,765,2021-06-18 00:16:41
49,@jjkcakees Yo : como Army y como sociedad pido su despido y exhortÃ³ a los medios que hagan limpia de gente como esa #ApologizeMikeSilvero #ApologizeABCCOLOR #ApologizeABCCOLOR #DisculpateMikeSilvero #DisculpateABCCOLOR ğŸ˜¡ğŸ˜¡ğŸ˜¡ğŸ˜¡ğŸ˜¡ğŸ˜¡ğŸ˜¡ğŸ˜¡ğŸ˜¡ğŸ˜¡,Meri,1,0,2021-06-18 00:15:19
50,"EXIGIMOS DISCULPAS

#DisculpateMikeSilvero
#DisculpateABCCOLOR
#ElRacismoNoEsLibertadDeExpresion
#RacismIsNotFreedomOfExpression
#ApologizeMikeSilvero 
#NUNCAMASSOMOSGEN 
#ApologizeABCCOLOR",Tais,0,0,2021-06-18 00:14:31
51,RT @Anya78430804: Si vi que Mike silvero se disculpÃ³ pero lo hizo como que obligado y con fastidio  â€¦â€¦. QUEREMOS UNA VERDADERA DISCULPA !!!â€¦,á’á™€á™á˜œá™–á’á™€á™“ á´®á´±,0,3,2021-06-18 00:13:28
52,"RT @Andrea83363055: #DisculpateMikeSilvero
#DisculpateABCCOLOR 
Las armys pedimos ""RESPETO""  para BTS pero nadie entiende lo que es el ""RESâ€¦",Monica ;),0,3,2021-06-18 00:13:19
53,"RT @taechimx: porque la tecnologÃ­a avanza y el humano no? EXIGIMOS UNA DISCULPA

#DisculpateMikeSilvero
#DisculpateABCCOLOR
#ElRacismoNoEsLâ€¦",â˜ºï¸ ğ‘ğ‘Ÿğ‘’ğ‘›ğ‘‘ğ‘– â¶Â¹Â³,0,2737,2021-06-18 00:13:03
54,"Eso no fue una disculpa... Si pudo hacer un gran monologo porque no una buena disculpa...
#DisculpateMikeSilvero
#ApologizeMikeSilvero
#RACISMISNOTCOMEDY
#DisculpateABCCOLOR 
#ApologizeABCCOLOR https://t.co/fX4OuIltrH https://t.co/ZpuhrtueJN",Marlene Kim,0,0,2021-06-18 00:09:00
55,"Boe,che que hincha pelotas sos digo...Tanto te cuesta aceptar un error

#DisculpateABCCOLOR https://t.co/adyaOZb9XI",MilyğŸ¥,0,0,2021-06-18 00:08:57
56,"RT @Solarami10: Se le hizo una entrevista a una army paraguaya #DisculpateMikeSilvero 
#DisculpateABCCOLOR
#ApologizeABCCOLOR https://t.co/â€¦",Jessica Macuyama Pac,0,235,2021-06-18 00:08:13
57,"SeÃ±or debe de dar unas disculpas...
#DisculpateMikeSilvero
#ApologizeMikeSilvero
#RACISMISNOTCOMEDY
#DisculpateABCCOLOR 
#ApologizeABCCOLOR https://t.co/fX4OuIltrH https://t.co/nucLJN7pJH",Marlene Kim,2,0,2021-06-18 00:07:26
58,"RT @H0biXsprite_uwu: @NguyenKhuyen_tw @thanh01112002 EXIGIMOS UNA DISCULPA

#DisculpateMikeSilvero
#DisculpateABCCOLOR
#ElRacismoNoEsLibertâ€¦",Melys ğŸ‡©ğŸ‡´,0,2,2021-06-18 00:04:57
59,"RT @teresaalvaro7: #ApologizeABCCOLOR 
#DisculpateABCCOLOR 
#DisculpateMikeSilvero 
No puedo ni razonar x que existe gente como el innombraâ€¦",Melys ğŸ‡©ğŸ‡´,0,1,2021-06-18 00:04:53
60,"RT @jhopecatz: abc: su Ã©xito es manipulado 
bts en 2019: 

#DisculpateABCCOLOR https://t.co/RyGnH3jQ7r",Celiaâ· ğŸ§šğŸ¼â€â™€ï¸,0,6423,2021-06-18 00:03:39
61,"RT @jhopecatz: abc: su Ã©xito es manipulado 
bts en 2019: 

#DisculpateABCCOLOR https://t.co/RyGnH3jQ7r",JÎ»Ï»Î¹,0,6423,2021-06-18 00:03:07
62,"RT @porktendencia: #DisculpateABCCOLOR y
#ApologizeABCCOLOR :
 Debido a que ABC Digital, de Paraguay, compartiÃ³ un artÃ­culo, firmado por laâ€¦",â˜€ï¸Ê€á´á´œêœ±;á´€É´É´ÊğŸ‡²ğŸ‡½ğŸŒ»ğŸ¿ï¸ BUTTER 3ra SEMANA #1,0,13,2021-06-18 00:03:05
63,"RT @H0biXsprite_uwu: @NguyenKhuyen_tw @thanh01112002 EXIGIMOS UNA DISCULPA

#DisculpateMikeSilvero
#DisculpateABCCOLOR
#ElRacismoNoEsLibertâ€¦",âˆÂ°^Â°âˆ â†’NguyenKhuyen ğŸ¥ºğŸ”¥â†,0,2,2021-06-18 00:02:47
64,RT @BEJinjinara: Como army hemos venido soportando diversos ataques de medios extranjeros por simplemente defender a bangt4n de ataques xenâ€¦,TaenellaÃ—BTSáµ‡áµ‰ğŸ§ˆğŸ’›ğŸ’œSWEET NIGHT #118 ğŸ¯ğŸ»ğŸ“ğŸ’œ,0,3687,2021-06-18 00:01:21
65,RT @paola37601802: Yo esperando a que Bighitentertainment demande a ABCCOLOR #DisculpateABCCOLOR https://t.co/To7k5AtvWC,Shay,0,19,2021-06-18 00:01:04
66,"RT @dooly_king: ""El prejuicio es hijo de la ignorancia."" â€” William Hazlitt

#DisculpateMikeSilvero
#DisculpateABCCOLOR
#ElRacismoNoEsLibertâ€¦",siefy,0,1863,2021-06-18 00:01:01
67,"RT @minpark_taekook: Si cree que ARMY dejarÃ¡ esto pasar, esta muy equivocado, basta de burlas, su xenofobia no lo puede hacer ver mÃ¡s estÃºpâ€¦",êœ¥ jime à£ª â‹†â™¡Ì¶ ğŸ’­,0,43,2021-06-18 00:00:10
68,"RT @min_zel09: El hombre que se burlÃ³ de estos chicos, ya emitiÃ³ su ""disculpa"", sin embargo, su disculpa estaba llena de mÃ¡s burlas e insulâ€¦",VerÃ³nica de JesÃºs,0,3,2021-06-17 23:59:47
69,"RT @StephArmyH: Quieren respeto pero no aprende a respetar el trabajo duro de los demÃ¡s.

EXIGIMOS UNA DISCULPA! 
#DisculpateMikeSilvero #Dâ€¦",Blanca,0,36,2021-06-17 23:59:11
70,RT @BEJinjinara: Como army hemos venido soportando diversos ataques de medios extranjeros por simplemente defender a bangt4n de ataques xenâ€¦,Jungkook,0,3687,2021-06-17 23:59:00
71,"@jimiarmy2013 @mikeotr Ahhhh lo acabo de ver ğŸ¤¬ğŸ˜¡ğŸ˜¤ğŸ¤¯ğŸ˜±ğŸ˜¨ğŸ˜° #DisculpateMikeSilvero #DisculpateABCCOLOR #disculpateMikeservero 
Difundan para hacerlo viral y que de una disculpa de verdad!!! 
Firmen la peticiÃ³n! https://t.co/O3jwPQ0nTP",LADY_V âŸ­âŸ¬â·âˆ,0,0,2021-06-17 23:58:40
72,"RT @min_zel09: El hombre que se burlÃ³ de estos chicos, ya emitiÃ³ su ""disculpa"", sin embargo, su disculpa estaba llena de mÃ¡s burlas e insulâ€¦",â™¡,0,3,2021-06-17 23:57:57
73,"Silvero pida disculpas porque lo que Army esta haciendo en este momento no es nada comparado con lo que se viene despues ademas todo lo que hablo nos nada chistoso piense antes de hablar ğŸ˜Š
#CANCELMIKESILVERO #APOLOGIZETOBANGTAN #DisculpateABCCOLOR #DisculpateMikeSilvero https://t.co/u7YO1W0qxv",KooKi_Jin,1,0,2021-06-17 23:57:02
74,"RT @min_zel09: El hombre que se burlÃ³ de estos chicos, ya emitiÃ³ su ""disculpa"", sin embargo, su disculpa estaba llena de mÃ¡s burlas e insulâ€¦",L.H.A Perez,0,3,2021-06-17 23:56:34
75,"#ApologizeABCCOLOR 
#DisculpateABCCOLOR 
#DisculpateMikeSilvero 
No puedo ni razonar x que existe gente como el innombrable ğŸ™„
Bueno un gif para que aprecien la belleza natural de nuestro gatito ğŸ¤© https://t.co/R8ZC9OgPcL",teresa alvaro,2,1,2021-06-17 23:55:49
76,"@NguyenKhuyen_tw @thanh01112002 EXIGIMOS UNA DISCULPA

#DisculpateMikeSilvero
#DisculpateABCCOLOR
#ElRacismoNoEsLibertadDeExpresion
#RacismIsNotFreedomOfExpression #ApologizeABCCOLOR",ğ™²ğš˜ğšğšğšğš”ğš˜ğš˜ğš”ğŸ¥ğš˜ğšâ·|ğŸ¹ğŸ§ˆ,0,2,2021-06-17 23:55:28
77,"@min_zel09 EXIGIMOS UNA DISCULPA

#DisculpateMikeSilvero
#DisculpateABCCOLOR
#ElRacismoNoEsLibertadDeExpresion
#RacismIsNotFreedomOfExpression #ApologizeABCCOLOR",ğ™²ğš˜ğšğšğšğš”ğš˜ğš˜ğš”ğŸ¥ğš˜ğšâ·|ğŸ¹ğŸ§ˆ,0,0,2021-06-17 23:54:00
78,"Sabes que es divertido? Que estos ""bots"" te van a dejar sin trabajo, pero agradece, que te libramos de algo que no puedes hacer bien. 
Dices que el Ã©xito de BTS es manipulado, pues yo no lo creo, ellos se lo han ganado. 
#DisculpateMikeSilvero
#DisculpateABCCOLOR https://t.co/MTiGMTAviB",Madeline_Kim,1,0,2021-06-17 23:53:52
79,RT @BEJinjinara: Como army hemos venido soportando diversos ataques de medios extranjeros por simplemente defender a bangt4n de ataques xenâ€¦,Poo Poo ğŸ’œ,0,3687,2021-06-17 23:52:39
80,"El hombre que se burlÃ³ de estos chicos, ya emitiÃ³ su ""disculpa"", sin embargo, su disculpa estaba llena de mÃ¡s burlas e insultos a BTS, esa no es una disculpa.
Llamar humor a el racismo no estÃ¡ bien
#DisculpateMikeSilvero
#DisculpateABCCOLOR
#RACISMISNOTCOMEDY
#ApologizeABCCOLOR https://t.co/hIsabpAayw",ë¯¼.ì ¤â™¡,3,3,2021-06-17 23:52:20
81,"RT @mm_blanquita: Â¡EXIGIMOS UNA DISCULPA!
Nos ofendiÃ³ nosotras solo nos defendimos y se indigno con nuestras respuestas cuando usted empezÃ³â€¦",VerÃ³nica de JesÃºs,0,1,2021-06-17 23:50:39
82,"RT @ChimmySun: JIMIN Y Becky g dijeron : La gente que crÃ­tica simplemente me da pena. 

La Rap lÃ­ne dijeron : Ustedes, envidioso, resentidoâ€¦",Butterâ·ğŸ’œ,0,111,2021-06-17 23:50:27
83,"Â¡EXIGIMOS UNA DISCULPA!
El RACISMO y la XENOFOBIA, no es algo que se pueda tomar como  ""humor"" o ""para divertirse""
Â¡EXIGIMOS UNA DISCULPA!
#RACISMISNOTCOMEDY
#ApologizeABCCOLOR 
#ApologizeMikeSilvero 
#DisculpateABCCOLOR 
#DisculpateMikeSilvero https://t.co/korWKj87EA",Lorena Montero,1,0,2021-06-17 23:49:13
84,"RT @isatkmt3ama: @dooly_king @vntevflxx EXIGIMOS UNA DISCULPA!!

#DisculpateMikeSilvero
#DisculpateABCCOLOR
#ElRacismoNoEsLibertadDeExpresiâ€¦",Milanesa UwU,0,2,2021-06-17 23:44:12
85,"Â¡EXIGIMOS UNA DISCULPA!
Nos ofendiÃ³ nosotras solo nos defendimos y se indigno con nuestras respuestas cuando usted empezÃ³ esto. 

#DisculpateMikeSilvero
#DisculpateABCCOLOR
#ElRacismoNoEsLibertadDeExpresion
#RacismIsNotFreedomOfExpression https://t.co/M2UTXFO7U4 https://t.co/eX3ZVBaT5t",Blanquita_min,0,1,2021-06-17 23:44:11
86,"RT @verojk4: @dooly_king Se nota que estas personas no tienen ni una pizca de educaciÃ³n, por personas como estas el mundo estÃ¡ hecho mierdaâ€¦",Milanesa UwU,0,16,2021-06-17 23:44:08
87,"RT @D_whatever99: @dooly_king Para cuando la disculpa?
Exigimos una disculpa por tu fomentaciÃ³n a la discriminaciÃ³n.

#DisculpateMikeSilverâ€¦",Milanesa UwU,0,36,2021-06-17 23:44:02
88,"RT @dooly_king: â€œLa educaciÃ³n es el arma mÃ¡s poderosa que puedes usar para cambiar el mundo."" â€” Nelson Mandela

#DisculpateMikeSilvero
#Disâ€¦",Milanesa UwU,0,690,2021-06-17 23:43:57
89,"RT @btsargento: â€” exigimos una disculpa, NADIE nos va a callar, dejen de hacer la vista gorda ante estas situaciones. Los chicos merecen reâ€¦",Lucia,0,644,2021-06-17 23:43:55
90,"RT @92jinlovrss: EXIGIMOS UNA DISCULPA! 

NO NOS VAMOS A QUEDAR CALLADOS!! 

#DisculpateMikeSilvero
#DisculpateABCCOLOR
#ElRacismoNoEsLiberâ€¦",Milanesa UwU,0,2494,2021-06-17 23:43:33
91,"RT @StephArmyH: Quieren respeto pero no aprende a respetar el trabajo duro de los demÃ¡s.

EXIGIMOS UNA DISCULPA! 
#DisculpateMikeSilvero #Dâ€¦",Lorena Montero,0,36,2021-06-17 23:42:47
92,"Ese periodista deberÃ­a ir y darle ğŸ§  a cartes o algo mÃ¡s productivo, y esto es lo Ãºltimo que voy a decir del tema
#DisculpateABCCOLOR #ApologizeABCCOLOR #RACISMISNOTCOMEDY",foreverinmyheartğŸ‡µğŸ‡¾,1,1,2021-06-17 23:42:07
93,"RT @dooly_king: ""El prejuicio es hijo de la ignorancia."" â€” William Hazlitt

#DisculpateMikeSilvero
#DisculpateABCCOLOR
#ElRacismoNoEsLibertâ€¦",á´®á´±Tania!â™¡,0,1863,2021-06-17 23:40:53
94,"@mikeotr Buenas tardes, te odio y ojalÃ¡ te arrepientas algÃºn dia de tus comentarios mal intencionados. Que tengas un pÃ©simo dÃ­a  #DisculpateMikeSilvero #DisculpateABCCOLOR #ElRacismoNoEsLibertadDeExpresion",ã€â™¡Bantang_loveOÆ¬â·ã€,0,0,2021-06-17 23:40:01
95,"@JiMiNiStAlovely EXIGIMOS UNA DISCULPA!!

#DisculpateMikeSilvero
#DisculpateABCCOLOR
#ElRacismoNoEsLibertadDeExpresion
#RacismIsNotFreedomOfExpression #ApologizeABCCOLOR",LÌ†ÌˆuÌ†ÌˆkÌ†ÌˆeÌ†Ìˆâ·ğŸ§ˆ,0,0,2021-06-17 23:38:30
96,RT @jimiarmy2013: @mikeotr Que mal me voy a sentir cuando seas la burla de todos los periodistas por haberte comportado como un puberto dolâ€¦,ì•Œë ˆ ğŸ§ˆ,0,2,2021-06-17 23:38:00
97,"RT @parkoookie: No gente no somos de ""cristal"" que ustedes permitan que le falten el respeto a sus artistas o a la personas que apoyan es sâ€¦",ğŸ’œJKğŸ’œ ğŸ‡²ğŸ‡½,0,112,2021-06-17 23:37:53
98,"@mikeotr no debiste hacer eso, no tienes ningÃºn derecho  para insultarlos, pero se que todo lo haces por ganarte fama hpta, lo estas logrando pero no con la personas correctas, razona y piensa. 
 #DisculpateABCCOLOR
 #DisculpateMikeSilvero
 #mikesilverocancelado 
#DisculpateMikeSilver",kookie,1,0,2021-06-17 23:36:49
99,"RT @SquadArmypy: [âš ï¸] COMUNICADO 2

Un ""Periodista"" desafortunadamente de nuestro paÃ­s (@mikeotr),segÃºn el dio su ""opiniÃ³n"" pero se encargÃ³â€¦",á¡•á µá Šá¡ƒà¡šà ¢à ˜à»ˆ â¸à»ˆà ¡à £á Šß¯á †à £à ˜á¡à £à ˜á Šá Šà ¢à ˜ğ¡ â™¡~,0,1531,2021-06-17 23:36:46
100,"@cutehobix_ EXIGIMOS UNA DISCULPA!!

#DisculpateMikeSilvero
#DisculpateABCCOLOR
#ElRacismoNoEsLibertadDeExpresion
#RacismIsNotFreedomOfExpression #ApologizeABCCOLOR",â·ğ‘€ğ‘–ğ‘â™¥ï¸ğŸš²,0,0,2021-06-17 23:34:47
101,"RT @jeonkimBangtan2: !!EXIGIMOS UNA DISCULPA!! 
 la xenofobia no es humor ni opiniÃ³n !!! EXIGIMOS UNA DISCULPA!!!!! 

#ElRacismoNoEsLibertaâ€¦",ğŸ’œJKğŸ’œ ğŸ‡²ğŸ‡½,0,122,2021-06-17 23:34:42
102,"RT @Wxntxr_Bear_: No tengo 13 ni estoy ""enamorada"" de ellos, los admiro por su talento y por la manera en la que motivan el amor propio, exâ€¦",â™¡BO-ARMYâ™¡,0,1456,2021-06-17 23:34:24
103,Denuncien sus cuentas en redes sociales! #DisculpateABCCOLOR,Cemara,0,0,2021-06-17 23:32:05
104,"Porque no denuncian sus cuentas en las redes sociales masivamente y su sitio web de abc... Ademas que son un medio corrupto, trabajan de apoyo publicitario a los genocidas en paraguay 
 #DisculpateABCCOLOR",Cemara,0,0,2021-06-17 23:31:45
105,RT @kate1jkbebe: @mikeotr SeÃ±or ya debe tener 40 AÃ‘OS! Deje de andar actuando como un  mocoso de 11 aÃ±os usted ya esta grande como para andâ€¦,â™¡Heidiâ™¡,0,6,2021-06-17 23:31:25
106,"RT @minpark_taekook: Si cree que ARMY dejarÃ¡ esto pasar, esta muy equivocado, basta de burlas, su xenofobia no lo puede hacer ver mÃ¡s estÃºpâ€¦",Marcela Cano,0,43,2021-06-17 23:30:12
107,"RT @dooly_king: ""El prejuicio es hijo de la ignorancia."" â€” William Hazlitt

#DisculpateMikeSilvero
#DisculpateABCCOLOR
#ElRacismoNoEsLibertâ€¦",Lala_Kooká´®á´±ğŸ§ˆğŸ’›,0,1863,2021-06-17 23:29:33
108,"RT @dooly_king: ""El prejuicio es hijo de la ignorancia."" â€” William Hazlitt

#DisculpateMikeSilvero
#DisculpateABCCOLOR
#ElRacismoNoEsLibertâ€¦",áµ‡áµ‰ğ‘±ğ’‚ğ’„ğ’Œ(Hiatus)â·,0,1863,2021-06-17 23:28:31
109,"RT @luisanna_arias: @mikeotr Y no que muy Digno y transparente 
#DisculpateABCCOLOR 
#DisculpateMikeSilvero 
#disculpateMikeservero 
#Discuâ€¦",Snicker,0,5,2021-06-17 23:28:16
110,"RT @jeonkimBangtan2: !!EXIGIMOS UNA DISCULPA!! 
 la xenofobia no es humor ni opiniÃ³n !!! EXIGIMOS UNA DISCULPA!!!!! 

#ElRacismoNoEsLibertaâ€¦",Jacqui ğŸ‡²ğŸ‡½,0,122,2021-06-17 23:26:18
111,"RT @Ivone01961688: EXIGIMOS UNA DISCULPA 
â€œdiversos solo en el tinte de su cabelloâ€ FRASE RACISTA Y XENOFOBICA
â€œtampoco son muy buenos en lâ€¦",Jacqui ğŸ‡²ğŸ‡½,0,521,2021-06-17 23:26:03
112,"eso no fue una disculpa
#DisculpateMikeSilvero
#DisculpateABCCOLOR 
#ApologizeABCCOLOR 
#ApologizeMikeSilvero",kim's_Park_Jung_Jeon_Min,0,0,2021-06-17 23:25:51
113,"RT @abiseokjinnie39: no nos debemos callar antes las injusticias que sufren dia a dia, EXIGIMOS UNA DISCULPA PUBLICA
#DisculpateMikeSilveroâ€¦",Ê²áµ‰áµ’â¿áµáµ’áµ—â±á¶œğ‘¨ğ’ğ’Šğ’—ğ’†ğ’“ğ’”ğ’‚ğ’“ğ’Šğ’,0,765,2021-06-17 23:25:09
114,"RT @jhopecatz: abc: su Ã©xito es manipulado 
bts en 2019: 

#DisculpateABCCOLOR https://t.co/RyGnH3jQ7r",sasha,0,6423,2021-06-17 23:25:06
115,RT @Lismairi11: La gente que anda metiendo el osico donde no le cabe valla a beber cloro a ver si los gusanos que tiene adentro se calman uâ€¦,Draco,0,1,2021-06-17 23:22:56
116,"RT @AlexiaDayrin: â€œSi no puedes respetar, ni siquiera abras la bocaâ€-Kim Namjoon #ApologizeMikeSilvero #DisculpateMikeSilvero EXIGIMOS UNAâ€¦",antxâœ¨,0,62,2021-06-17 23:22:26
117,"RT @abiseokjinnie39: no nos debemos callar antes las injusticias que sufren dia a dia, EXIGIMOS UNA DISCULPA PUBLICA
#DisculpateMikeSilveroâ€¦",MikayğŸ§ˆ,0,765,2021-06-17 23:22:03
118,"Para que se informen...
#DisculpateABCCOLOR 
#DisculpateMikeSilvero 
#StopAsianHate 
#RACISMISNOTCOMEDY 
#ApologizeABCCOLOR 
#ApologizeMikeSilvero https://t.co/oCNtb1UcNN",ÃngelesÂ¹Â¹Carmona,2,0,2021-06-17 23:21:19
119,"RT @BTSLATAM7: Army educando al mundo.

Que es Xenofobia y Racismo

#ApologizeMikeSilvero  
#DisculpateABCCOLOR https://t.co/EDFB5LG84V",sweetie,0,40,2021-06-17 23:21:09
120,"RT @Zamer_baby: ""Aceptaremos humildemente las crÃ­ticas y juicisos pero nos quedaremos callados ante lo irracional de la sociedad ""â€¦",sweetie,0,39,2021-06-17 23:20:39
121,"RT @Bakav13: Somos humanos merecemos respeto por el simple hecho de existir~ #DisculpateMikeSilvero #DisculpateMikeSilvero
#DisculpateABCCOâ€¦",ğŸ‡¦ğŸ‡·á´®á´±lÃ©nâ·ğŸ‡¦ğŸ‡·,0,3,2021-06-17 23:20:11
122,"RT @aracellylojano: #DisculpateABCCOLOR 
#disculpateMikeservero 
man si querÃ­as llamar la atenciÃ³n lo lograste, joder por personas sin educâ€¦",Stephany Michelle,0,2,2021-06-17 23:18:59
123,"RT @LucyJK13: @mikeotr Que ignorante te ves al provocar a Army, que mal con tu falta de cultura y profesionalismo. Si querÃ­as mÃ¡s seguidoreâ€¦",ğŸ’œğŸ£ğŸ’› JIMIN _ì§€ë¯¼_BTS,0,2,2021-06-17 23:18:55
124,"La gente que anda metiendo el osico donde no le cabe valla a beber cloro a ver si los gusanos que tiene adentro se calman un poco.

#ElRacismoNoEsLibertadDeExpresion 
#DisculpateMikeSilvero 
#DisculpateABCCOLOR",SooLi_Ë¢áµ‰áµ›áµ‰â¿ğŸš²ğŸ’›ğŸ’œ,0,1,2021-06-17 23:17:50
125,"RT @Jennseok18: Mi pregunta es, por quÃ© las cuentas de este MALEDUCADO E IRRESPETUOSO, siguen como si nada?
  
#DisculpateMikeSilvero 
#RACâ€¦",ğğ®ğ¦ğŸ¸(à¸‡'Ì€-'Ì)à¸‡ğ“´ğ“¿ğ“®ğ“¼,0,4,2021-06-17 23:17:47
126,"RT @rMwEJT7u0mOcd2t: @mikeotr Solo voy a decirte esto 
#RACISMISNOTCOMEDY #DisculpateMikeSilvero 
#DisculpateABCCOLOR https://t.co/ogpn9hpsâ€¦",ğŸ’œğŸ£ğŸ’› JIMIN _ì§€ë¯¼_BTS,0,4,2021-06-17 23:17:25
127,"Una disculpa como se debe.
VergÃ¼enza este hombre y mÃ¡s siendo una persona adulta....por favor,no sea ridÃ­culo 
#DisculpateMikeSilvero #DisculpateABCCOLOR #ElRacismoNoEsLibertadDeExpresion https://t.co/9tvFqq3g2D",Evelinâ·ğŸ§ˆ,0,0,2021-06-17 23:16:13
128,"EXIGIMOS UNA DISCULPA!!!!!!!
#DisculpateMikeSilvero
#DisculpateABCCOLOR
#ElRacismoNoEsLibertadDeExpresion
#RacismIsNotFreedomOfExpression #ApologizeA

TODOS LAS BANDAS DE KPOP SON BUENAS Y NO TENÃAS QUE HABER HECHO ESA CLASE DE COMENTARIOS QUE NI ALCASO ESTÃšPIDO https://t.co/uKIyuYNkBb",Sğ´ğ‘ğ‘˜ğ‘’ğ™¹ğšŠğšğš|ğŸ§ˆ,0,0,2021-06-17 23:14:36
129,"RT @Andrea83363055: #DisculpateMikeSilvero
#DisculpateABCCOLOR 
Las armys pedimos ""RESPETO""  para BTS pero nadie entiende lo que es el ""RESâ€¦",foreverinmyheartğŸ‡µğŸ‡¾,0,3,2021-06-17 23:14:35
130,"RT @Manuela68705404: Las palabras ""Periodista"" y ""Profesionales"" estan muy lejos a lo que han hecho, Â¿saben?
#DisculpateABCCOLOR 
#Apologizâ€¦",foreverinmyheartğŸ‡µğŸ‡¾,0,2,2021-06-17 23:14:30
131,RT @NamcolleBangtan: Estamos cansadxs de que ataquen a los chicos y se escuden en que es broma o pretendan que no lo tomemos con la seriedaâ€¦,foreverinmyheartğŸ‡µğŸ‡¾,0,2,2021-06-17 23:14:29
132,"RT @i_youngmi: @yoonligth copien &amp; peguen â†“

EXIGIMOS UNA DISCULPA
#DisculpateMikeSilvero
#DisculpateABCCOLOR
#ElRacismoNoEsLibertadDeExpreâ€¦",foreverinmyheartğŸ‡µğŸ‡¾,0,1,2021-06-17 23:14:24
133,"RT @taytanniestan: Cuando robaron la merienda escolar de niÃ±os y niÃ±as.. 
Cuando robaron a la salud pÃºblica en plena pandemia cargando susâ€¦",Suga,0,56,2021-06-17 23:14:24
134,RT @Xio66786965: L@s que puedan por favor apoyen a l@s armys ğŸ’œğŸ’œğŸ’œ #StopAsianHateCrimes EXIGIMOS UNA DISCULPA #DisculpateMikeSilvero #Apologiâ€¦,foreverinmyheartğŸ‡µğŸ‡¾,0,3,2021-06-17 23:14:19
135,"Y no juegues de esa forma con nosotr@s porque te va a ir mal 
#DisculpateABCCOLOR 
#DisculpateMikeSilvero 
#RACISMISNOTCOMEDY https://t.co/fg50ODtrqH",Cristeli,0,0,2021-06-17 23:13:56
136,"RT @AshVZ1: @mikeotr Por wur NoÃ© studias tu carrera de nuevo porque parece que no sabes ni lo que haces y hasta delincuente eres ay 
#Discuâ€¦",foreverinmyheartğŸ‡µğŸ‡¾,0,1,2021-06-17 23:13:55
137,"RT @i_youngmi: @hectordalegre @mikeotr copien &amp; peguen â†“

EXIGIMOS UNA DISCULPA
#DisculpateMikeSilvero
#DisculpateABCCOLOR
#ElRacismoNoEsLiâ€¦",foreverinmyheartğŸ‡µğŸ‡¾,0,2,2021-06-17 23:13:54
138,"RT @JKArmy34008096: @HormonxGJk EXIGIMOS UNA DISCULPA

#DisculpateMikeSilvero
#DisculpateABCCOLOR
#ElRacismoNoEsLibertadDeExpresion
#Racismâ€¦",foreverinmyheartğŸ‡µğŸ‡¾,0,2,2021-06-17 23:13:52
139,"@Jennseok18 esto no es ser un periodista, cero profesional 
  
#DisculpateMikeSilvero 
#RACISMISNOTCOMEDY 
#DisculpateABCCOLOR 
#ApologizeABCCOLOR",leviâ·,1,0,2021-06-17 23:13:36
140,"@periodistadetv @Jennseok18 1- no hay que ser muy inteligente para darse cuento de la falta de respeto que hay aquÃ­.

2- si a nosotr@s nos importa porque es un problema entre ARMY y ABCCOLOR no entre gente sin oficio que se anda metiendo donde el osico no le cabe.

#DisculpateABCCOLOR",SooLi_Ë¢áµ‰áµ›áµ‰â¿ğŸš²ğŸ’›ğŸ’œ,1,0,2021-06-17 23:13:35
141,"RT @mm_blanquita: Â¡EXIGIMOS UNA DISCULPA!
de la manera mÃ¡s atenta le pedimos que se retracte, usted nos a ofendiendo

#DisculpateMikeSilverâ€¦",foreverinmyheartğŸ‡µğŸ‡¾,0,2,2021-06-17 23:13:05
142,"RT @JazminnM3: @AnimeDanny19 LA XENOFOBIA NO ES UNA OPINIÃ“N

este seÃ±or no sÃ© merece ser llamado periodista y tampoco se merece estar en elâ€¦",foreverinmyheartğŸ‡µğŸ‡¾,0,1,2021-06-17 23:13:03
143,RT @jimiarmy2013: @mikeotr Que mal me voy a sentir cuando seas la burla de todos los periodistas por haberte comportado como un puberto dolâ€¦,foreverinmyheartğŸ‡µğŸ‡¾,0,2,2021-06-17 23:12:59
144,"RT @parkemili_: @Jennseok18 Por quÃ© no han hecho nada al respecto, necesitamos que hagan algo de ya!!!

#DisculpateMikeSilvero 
#RACISMISNOâ€¦",foreverinmyheartğŸ‡µğŸ‡¾,0,1,2021-06-17 23:12:54
145,"RT @Lowys_TK: @periodistadetv @Jennseok18 VerÃ¡ usted que es verdad, nos importa mÃ¡s a nosotras porque no somos gente ignorante como comprenâ€¦",foreverinmyheartğŸ‡µğŸ‡¾,0,1,2021-06-17 23:12:53
146,"RT @ChimmySun: Una vez que k-army hace lo posible para que todo llegue a las noticias coreanas, los que causaron dichos problemas ya no tieâ€¦",SOL ğŸ• BUTTER ğŸ•,0,51,2021-06-17 23:12:39
147,"RT @jmygmochis: DISCÃšLPATE 

Si pides respeto, da respeto 

EXIGIMOS UNA DISCULPA DISCÃšLPATE !!! 

#DisculpateMikeSilvero
#DisculpateABCCOLâ€¦",Stephany Michelle,0,396,2021-06-17 23:12:28
148,"RT @SofaMor31470652: #RACISMISNOTCOMEDY #DisculpateMikeSilvero #DisculpateABCCOLOR #disculpatemikeservero
Todos deberÃ­an ser como Namjoom,â€¦",Stephany Michelle,0,13,2021-06-17 23:12:12
149,"RT @flowBunny93: Â¿Por quÃ© estÃ¡s tan convencido de que mi Ã©xito es culpable de tu miserable vida?
â€“Cypher Pt4
#RACISMISNOTCOMEDY
#Disculpateâ€¦",Stephany Michelle,0,22,2021-06-17 23:12:08
150,"RT @Tete_andr16: La xenofobia no es una opiniÃ³n.
#DisculpateABCCOLOR 
#DisculpateMikeSilvero 
#disculpatemikeservero https://t.co/4otR4OqO8v",Stephany Michelle,0,9,2021-06-17 23:11:58
151,"RT @catalia37456170: ARMY NO ""IDOLATRA A 7 VEINTEAÃ‘EROS"" solamente protegemos a 7 chicos que han dado todo por ARMY

EXIGIMOS UNA DISCULPAâ€¦",Stephany Michelle,0,102,2021-06-17 23:11:54
152,"RT @Angie3022901758: Dice ser periodista, pero se ve su falta de profesionalismo.Ser parte del fandom de 7 chicos maravillosos que nos ayudâ€¦",Stephany Michelle,0,34,2021-06-17 23:11:47
153,"RT @Shb07_: No sÃ© cÃ³mo sigue trabajando despuÃ©s de lo que hizo, deberÃ­an despedirlo para ponerlo de ejemplo, una persona racista no mereceâ€¦",foreverinmyheartğŸ‡µğŸ‡¾,0,2,2021-06-17 23:11:23
154,"RT @alissjk: @michiss_bu EXIGIMOS UNA DISCULPA, YA! 

#DisculpateMikeSilvero
#DisculpateABCCOLOR
#ElRacismoNoEsLibertadDeExpresion
#RacismIâ€¦",foreverinmyheartğŸ‡µğŸ‡¾,0,1,2021-06-17 23:11:21
155,"RT @may59624918: #DisculpateABCCOLOR QuÃ© tal una disculpa? Ellos son artistas que se han parapetado y han sacrificado mucho, BTS tiene un gâ€¦",foreverinmyheartğŸ‡µğŸ‡¾,0,1,2021-06-17 23:11:19
156,RT @Karlyarmy3: #DisculpateMikeSilvero #DisculpateABCCOLOR Merecen el 1Â° en los Billbord porque se lo ganaron;AdemÃ¡s Â¿Porque no?Â¿Porque ustâ€¦,foreverinmyheartğŸ‡µğŸ‡¾,0,2,2021-06-17 23:11:17
157,"RT @LucyJK13: @mikeotr Que ignorante te ves al provocar a Army, que mal con tu falta de cultura y profesionalismo. Si querÃ­as mÃ¡s seguidoreâ€¦",foreverinmyheartğŸ‡µğŸ‡¾,0,2,2021-06-17 23:11:16
158,"RT @karylababy1: CÃ³mo puede! llamar ""productos sobrevalorados"" a 7 chicos talentosos que no hacen ningÃºn mal a nadie.
SeÃ±or su comentario eâ€¦",foreverinmyheartğŸ‡µğŸ‡¾,0,2,2021-06-17 23:11:12
159,RT @kate1jkbebe: @mikeotr SeÃ±or ya debe tener 40 AÃ‘OS! Deje de andar actuando como un  mocoso de 11 aÃ±os usted ya esta grande como para andâ€¦,Abby_Luna,0,6,2021-06-17 23:11:05
160,"RT @Lowys_TK: @Jennseok18 Son unos ignorantes de mrd, por eso.

#DisculpateMikeSilvero 
#RACISMISNOTCOMEDY 
#DisculpateABCCOLOR 
#Apologizeâ€¦",foreverinmyheartğŸ‡µğŸ‡¾,0,1,2021-06-17 23:11:00
161,"RT @namu41471566: Odia a army insultenos, diganos lo que quieran si nos desean la muerte incluso lo aguantaremos, pero por favor no odies aâ€¦",foreverinmyheartğŸ‡µğŸ‡¾,0,3,2021-06-17 23:10:59
162,"RT @LucyJK13: @mikeotr No seas ignorante y discÃºlpate de la mejor manera, si quieres hacer humor hazlo contigo, no te metas con BTS que noâ€¦",foreverinmyheartğŸ‡µğŸ‡¾,0,1,2021-06-17 23:10:57
163,"RT @karylababy1: @Jennseok18 EXIGIMOS UNA DISCULPA!#DisculpateMikeSilvero 
#RACISMISNOTCOMEDY 
#DisculpateABCCOLOR",foreverinmyheartğŸ‡µğŸ‡¾,0,1,2021-06-17 23:10:56
164,"RT @may59624918: #DisculpateABCCOLOR Que puedo decir sobre esto, me siento algo decepcionada de cÃ³mo se usa el nombre de los artistas paraâ€¦",foreverinmyheartğŸ‡µğŸ‡¾,0,1,2021-06-17 23:10:53
165,"RT @karylababy1: DeberÃ­a aprender de las personas a las cuales denigra con su comentario absurdo

#DisculpateMikeSilvero 
#RACISMISNOTCOMEDâ€¦",foreverinmyheartğŸ‡µğŸ‡¾,0,3,2021-06-17 23:10:51
166,"RT @rMwEJT7u0mOcd2t: @mikeotr Solo voy a decirte esto 
#RACISMISNOTCOMEDY #DisculpateMikeSilvero 
#DisculpateABCCOLOR https://t.co/ogpn9hpsâ€¦",foreverinmyheartğŸ‡µğŸ‡¾,0,4,2021-06-17 23:10:45
167,"RT @ParkSole2: @dooly_king No nos vamos a rendir hasta que se hagan responsables por su falta de profesionalismo al de hacer pÃºblicas sus ""â€¦",foreverinmyheartğŸ‡µğŸ‡¾,0,2,2021-06-17 23:10:39
168,"RT @Staystraykidsb1: @mikeotr Vasta con el racismo, no los compares con otros grupos 

#DisculpateMikeSilvero 
#DisculpateABCCOLOR",foreverinmyheartğŸ‡µğŸ‡¾,0,1,2021-06-17 23:10:37
169,"RT @hildasmarroquin: ARMY ğŸ’œğŸ’œğŸ’œhace respetar a BTS ğŸ’œ ğŸ’œğŸ’œğŸ’œjamÃ¡s te metas con BTS ğŸ’œsi no quieres sentir el poder de ARMY
#DisculpateMikeSilveroâ€¦",foreverinmyheartğŸ‡µğŸ‡¾,0,3,2021-06-17 23:10:36
170,"RT @Staystraykidsb1: @mikeotr Tanto esfuerzo que han echo para que una persona venga a burlarse estÃ¡ mal, exigimos disculpa

#DisculpateMikâ€¦",foreverinmyheartğŸ‡µğŸ‡¾,0,1,2021-06-17 23:10:34
171,"RT @ChiMinnie_twtt: EXIGIMOS UNA DISCULPA

#DisculpateMikeSilvero
#DisculpateABCCOLOR
#ElRacismoNoEsLibertadDeExpresion
#RacismIsNotFreedomâ€¦",Milanesa UwU,0,13,2021-06-17 23:10:27
172,RT @ignatinystay: @mikeotr que pena por este seÃ±or.. que lamentable que no sepa que las Armys no olvidamos #DisculpateMikeSilvero #Disculpaâ€¦,foreverinmyheartğŸ‡µğŸ‡¾,0,1,2021-06-17 23:10:26
173,"RT @Thesun178: @Solarami10 Esta woman me representa 
#DisculpateABCCOLOR
#ApologizeABCCOLOR",foreverinmyheartğŸ‡µğŸ‡¾,0,1,2021-06-17 23:10:09
174,"RT @kookiesunbo: @ko0kminlov @Jkyoon13 EXIGIMOS UNA DISCULPA, ESTO ES 0 PROFESIONALISMO

#DisculpateMikeSilvero
#DisculpateABCCOLOR
#ElRaciâ€¦",foreverinmyheartğŸ‡µğŸ‡¾,0,1,2021-06-17 23:10:07
175,"RT @AG_YG09: CÃ¡llese seÃ±or y escuchÃ© a mi dios rapeando y respete que da pena ajena 

#DisculpateMikeSilvero
#ApologizeMikeSilvero
#NUNCAMAâ€¦",â€ ğ’Œğ’ğ’ğ’Œğ’Šğ’† â€,0,45,2021-06-17 23:09:52
176,"RT @fer_amy34: @miamrjjk EXIGIMOS UNA DISCULPA

#DisculpateMikeSilvero
#DisculpateABCCOLOR
#ElRacismoNoEsLibertadDeExpresion
#RacismIsNotFrâ€¦",ë·”,0,1,2021-06-17 23:09:02
177,"RT @fer_amy34: @mikeotr Vamos, por primera vez has algo bien en tu vida.

#DisculpateMikeSilvero
#ApologizeMikeSilvero
#NUNCAMASSOMOSGEN
#Dâ€¦",ë·”,0,1,2021-06-17 23:07:28
178,"RT @_Seokjinmiamor: Armys por favor vayan a firmar la peticiÃ³n, tenemos que poner un alto a toda esta injusticia y xenÃ³fobia quÃ© hay para lâ€¦",à®œ*â€¢.êª—êªŠêª¶â…ˆ .â€¢*à®œ ğŸ‡¸ğŸ‡»,0,30,2021-06-17 23:06:34
179,"RT @AzulRH_: Â¿Productos sobrevalorados ?
No sÃ© pregÃºntaselo a los millones de fans que tienen MUNDIALMENTE #DisculpateMikeSilvero #Apologizâ€¦",âŒ‡â› N Éª á´„ á´ ÊŸ á´‡â·ï¹”â™¡Ì· I É´ á´€ á´„ á´› Éª á´  á´€ ~,0,4,2021-06-17 23:06:31
180,"RT @kth_pao: ""-No son chinos son surcoreanos""
""-Es lo mismo ğŸ™„""

Woow sabÃ­a que la gente era ignorante, pero no tanto. Que vergÃ¼enza de persâ€¦",â£ï¸YasodharağŸ¦‹ğŸ’•ğŸ‡²ğŸ‡½,0,51,2021-06-17 23:06:14
181,RT @BEJinjinara: Como army hemos venido soportando diversos ataques de medios extranjeros por simplemente defender a bangt4n de ataques xenâ€¦,Milanesa UwU,0,3687,2021-06-17 23:06:13
182,"RT @SquadArmypy: [âš ï¸] A medida que no hemos recibido ninguna respuesta,hemos decidido mandar correo a BH!

Documento:https://t.co/xP4223y2Fâ€¦",JIN BTS ARMYğŸ’œ,0,939,2021-06-17 23:05:01
183,"RT @Cami_Army2712: AMISğŸ’œNUNCA OLVIDEN ESTO...ğŸ˜“

BANGTAN: ""Army la pasÃ³ muy mal porque nos querÃ­a proteger""ğŸ¥º

ARMY: ""Si al final no podemosâ€¦",SOL ğŸ• BUTTER ğŸ•,0,92,2021-06-17 23:05:00
184,"RT @Cami_Duarte_M: â€œnuestros fans reciben muchas crÃ­ticas solo por ser fans de idols, pero son realmente grandes personas, siendo honesto,â€¦",ğ™»ğš¢ğšŸğš’ğšŒğšğš˜ğš›ğš’ğšŠ,0,1929,2021-06-17 23:04:37
185,RT @EsposaTan: Como army hemos venido soportando diversos ataques de medios extranjeros por simplemente defender a bangt4n de ataques xenofâ€¦,â£ï¸YasodharağŸ¦‹ğŸ’•ğŸ‡²ğŸ‡½,0,5,2021-06-17 23:04:09
186,"RT @05Alice13: No Mike Silvero No Da Risa, Ni Tampoco Exageramos
 Lo Unico Que Quieres Hacer El Colgarte De La Fama De BTS Por Que Tu Progrâ€¦",â£ï¸YasodharağŸ¦‹ğŸ’•ğŸ‡²ğŸ‡½,0,6,2021-06-17 23:03:55
187,"RT @KathyBArmy: Llamar ""Monologo""

A Palabras Hirientes y DifamaciÃ³n. No es excusa para liberarse de una responsabilidad. Es Inaceptable

Eâ€¦",â£ï¸YasodharağŸ¦‹ğŸ’•ğŸ‡²ğŸ‡½,0,253,2021-06-17 23:03:49
188,"RT @XxNochuArmyxX1: VEN? HASTA ELLOS LO SABEN, SABEN QUE SOMOS CAPACES DE DEFENDERLOS UNA Y UN MILLÃ“N DE VECES, SABEN QUE SOMOS CAPACES DEâ€¦",SOL ğŸ• BUTTER ğŸ•,0,63,2021-06-17 23:03:47
189,"RT @_kia002_: Risas el periodista, que ni periodista se debe llamar, Ã©l no sabe nada y mucho menos investigo su trabajo antes de hablar malâ€¦",laspatitas_de_jungkook,0,75,2021-06-17 23:03:09
190,"@ko0kminlov @Jkyoon13 EXIGIMOS UNA DISCULPA, ESTO ES 0 PROFESIONALISMO

#DisculpateMikeSilvero
#DisculpateABCCOLOR
#ElRacismoNoEsLibertadDeExpresion
#RacismIsNotFreedomOfExpression
#ApologizeMikeSilvero 
#NUNCAMASSOMOSGEN 
#ApologizeABCCOLOR",laspatitas_de_jungkook,0,1,2021-06-17 23:01:55
191,"RT @EM0B00Y: FALTA POCO, SIGAN FIRMANDO LA PETICIÃ“N, COMPARTAN O UTILICEN OTRAS CUENTAS.
#RACISMISNOTCOMEDY
#ApologizeMikeSilvero
#Disculpaâ€¦",â£ï¸YasodharağŸ¦‹ğŸ’•ğŸ‡²ğŸ‡½,0,56,2021-06-17 23:01:48
192,"RT @minpark_taekook: Si cree que ARMY dejarÃ¡ esto pasar, esta muy equivocado, basta de burlas, su xenofobia no lo puede hacer ver mÃ¡s estÃºpâ€¦",â£ï¸YasodharağŸ¦‹ğŸ’•ğŸ‡²ğŸ‡½,0,43,2021-06-17 23:01:40
193,"@Solarami10 Esta woman me representa 
#DisculpateABCCOLOR
#ApologizeABCCOLOR",SOL ğŸ• BUTTER ğŸ•,1,1,2021-06-17 23:01:26
194,"RT @dooly_king: ""Debemos combatir la desinformaciÃ³n que se extiende."" â€” Ken Starr

#DisculpateMikeSilvero
#DisculpateABCCOLOR
#ElRacismoNoEâ€¦",MARâ·-á´®áµ˜áµ—áµ—áµ‰Ê³ Â²Â¹Ë¢áµ— ğŸ§ˆğŸ’›,0,203,2021-06-17 23:00:45
195,"RT @Solarami10: Se le hizo una entrevista a una army paraguaya #DisculpateMikeSilvero 
#DisculpateABCCOLOR
#ApologizeABCCOLOR https://t.co/â€¦",SOL ğŸ• BUTTER ğŸ•,0,235,2021-06-17 23:00:44
196,"RT @Omair_Jinnie20: Quiero ver esto en tendencia vamos gentee #ARMY #BTSARMY
#DisculpateMikeSilvero
#ApologizeMikeSilvero
#NUNCAMASSOMOSGENâ€¦",solsara,0,571,2021-06-17 23:00:04
197,"RT @Fernand55476457: No digo que no puedas dar tu opiniÃ³n sobre los chicos, pero lo que hiciste en tu reportaje no fue una opiniÃ³n fue raciâ€¦",solsara,0,403,2021-06-17 22:59:57
198,"RT @jeonkimBangtan2: !!EXIGIMOS UNA DISCULPA!! 
 la xenofobia no es humor ni opiniÃ³n !!! EXIGIMOS UNA DISCULPA!!!!! 

#ElRacismoNoEsLibertaâ€¦",ladyniorğŸğŸ±,0,122,2021-06-17 22:59:56
199,"RT @guadamgf03: LA FRASE YA LO DICE TODO!!!!! 

â€œLA GENTE QUE CRITICA SIMPLEMENTE ME DA PENAâ€ğŸ™ŒğŸ»ğŸ™ŒğŸ» 

#DisculpateMikeSilvero
#ApologizeMikeSiâ€¦",solsara,0,987,2021-06-17 22:59:47
200,"RT @sh00ky13: no, no es gracioso, no es una opiniÃ³n y mucho menos es un hecho, army ha hecho mucho mas bien que cualquiera de estos comentaâ€¦",solsara,0,787,2021-06-17 22:59:41
201,"RT @SB_Yellow9: â€” Hagamos que esto llegue a todo el mundo, el racismo NO es libre expresiÃ³n, ni mucho menos una opiniÃ³n. comenten
EXIGIMOSâ€¦",ladyniorğŸğŸ±,0,1,2021-06-17 22:59:40
202,"RT @innerchildbytae: -""no son chinos, son surcoreanos""
-bueno ğŸ™„ es lo mismo.. 
@CarmiMasi y esa xenofobia quÃ© tal? educate antes de estar eâ€¦",solsara,0,379,2021-06-17 22:59:28
203,"RT @sugadboy: â€” Estoy harta de que no midan el peso de sus palabras, harta de que disfracen el racismo con â€œlibertad de expresiÃ³nâ€.
Â¿Hastaâ€¦",solsara,0,2850,2021-06-17 22:59:21
204,"RT @stigmaltr: Â¡Â¡EXIGIMOS UNA DISCULPA!! 
No puedes criticar, y normalizar tanto el racismo, criticar su mÃºsica, burlarte de ellos y decirâ€¦",solsara,0,1410,2021-06-17 22:59:14
205,"RT @jmygmochis: DISCÃšLPATE 

Si pides respeto, da respeto 

EXIGIMOS UNA DISCULPA DISCÃšLPATE !!! 

#DisculpateMikeSilvero
#DisculpateABCCOLâ€¦",Jaquelin GÃ³mez ğŸ§ˆ,0,396,2021-06-17 22:59:11
206,"RT @Ivone01961688: EXIGIMOS UNA DISCULPA 
â€œdiversos solo en el tinte de su cabelloâ€ FRASE RACISTA Y XENOFOBICA
â€œtampoco son muy buenos en lâ€¦",solsara,0,521,2021-06-17 22:59:06
207,"RT @Shari50682160: Que den la cara y se DISCULPEN. LO EXIGIMOS!

#DisculpateMikeSilvero
#DisculpateABCCOLOR
#ElRacismoNoEsLibertadDeExpresiâ€¦",áƒ¦ âŸ­âŸ¬ğ‘®ğ’‚ğ’•ğ’Šğ’•ğ’âˆğ‘´ğ’Šğ’âŸ­âŸ¬ áƒ¦,0,6,2021-06-17 22:58:21
208,"RT @ParkSole2: @dooly_king No nos vamos a rendir hasta que se hagan responsables por su falta de profesionalismo al de hacer pÃºblicas sus ""â€¦",â£ï¸YasodharağŸ¦‹ğŸ’•ğŸ‡²ğŸ‡½,0,2,2021-06-17 22:57:43
209,"RT @miamrjjk: EXIGIMOS UNA DISCULPA

#DisculpateMikeSilvero
#DisculpateABCCOLOR
#ElRacismoNoEsLibertadDeExpresion
#RacismIsNotFreedomOfExprâ€¦",â™¡roseâ™¡,0,296,2021-06-17 22:57:14
210,"RT @jhopecatz: abc: su Ã©xito es manipulado 
bts en 2019: 

#DisculpateABCCOLOR https://t.co/RyGnH3jQ7r",(hope)worldâ· ğŸ¨ğŸ¿,0,6423,2021-06-17 22:57:01
211,"RT @jeonkimBangtan2: !!EXIGIMOS UNA DISCULPA!! 
 la xenofobia no es humor ni opiniÃ³n !!! EXIGIMOS UNA DISCULPA!!!!! 

#ElRacismoNoEsLibertaâ€¦",Melanie Herrera,0,122,2021-06-17 22:56:15
212,"Esto hace la #IzquierdaMiserable en #Cali, porque saben que cuentan con un alcalde alcahueta; lÃ¡stima cÃ³mo los bandidos destruyen la ciudad.
#Madden22 #diadelpadre #DisculpateABCCOLOR #BTS_Butter #Felix #Vinotinto #PactoHistorico https://t.co/jssOmVAHXi",DarÃ­o Mar,0,0,2021-06-17 22:55:38
213,"RT @jeonkimBangtan2: !!EXIGIMOS UNA DISCULPA!! 
 la xenofobia no es humor ni opiniÃ³n !!! EXIGIMOS UNA DISCULPA!!!!! 

#ElRacismoNoEsLibertaâ€¦",SOL ğŸ• BUTTER ğŸ•,0,122,2021-06-17 22:54:56
214,"RT @jeonkimBangtan2: !!EXIGIMOS UNA DISCULPA!! 
 la xenofobia no es humor ni opiniÃ³n !!! EXIGIMOS UNA DISCULPA!!!!! 

#ElRacismoNoEsLibertaâ€¦",Sugaà¸…^â€¢ï»Œâ€¢^à¸…â·ğŸ’›,0,122,2021-06-17 22:54:34
215,"RT @HobiMimibiasedw: @vidaldel92 PIDAN DISCULPAS , espero que se queden sin trabajo por hablar de un tema que ustedes mismos no conocen 
#Dâ€¦",ğŸ§ˆ Isa ğŸ§ˆ,0,111,2021-06-17 22:54:15
216,"RT @Jennseok18: Mi pregunta es, por quÃ© las cuentas de este MALEDUCADO E IRRESPETUOSO, siguen como si nada?
  
#DisculpateMikeSilvero 
#RACâ€¦",Sugaà¸…^â€¢ï»Œâ€¢^à¸…â·ğŸ’›,0,4,2021-06-17 22:54:10
217,"RT @Omair_Jinnie20: Quiero ver esto en tendencia vamos gentee #ARMY #BTSARMY
#DisculpateMikeSilvero
#ApologizeMikeSilvero
#NUNCAMASSOMOSGENâ€¦",ğ—ğ— â™¡ï¸ ğ’‚ğ’ˆğ’–ğ’”â·. ğŸ‡¦ğŸ‡·,0,571,2021-06-17 22:53:43
218,"RT @KimberlyRojasD1: Este seÃ±or para empezar esta metiendo en donde no debe,creo q todavia no conoce el poder de ARMY, y lo peor de todo esâ€¦",ğŸ’œBangTanâ·ğŸ’›á´®áµ˜áµ—áµ—áµ‰Ê³ğŸ’œğŸ‡µğŸ‡¾ğŸ§ˆ,0,1,2021-06-17 22:53:27
219,RT @rsgsmj1: L@s que puedan por favor apoyen a l@s armys en Instagram que pelean por la justicia para los chicos #StopAsianHate EXIGIMOS UNâ€¦,ğ¿ğ‘ğ‘Ÿğ‘–ğ‘ ğ‘ ğ‘â·ğŸ’›,0,45,2021-06-17 22:51:23
220,RT @kookiejoels: Pero que les pasa a los medios de comunicaciÃ³n?? Nosotras estamos aqui para defender a quienes nos han hecho bien duranteâ€¦,Darkmin99,0,2381,2021-06-17 22:51:03
221,"RT @EM0B00Y: FALTA POCO, SIGAN FIRMANDO LA PETICIÃ“N, COMPARTAN O UTILICEN OTRAS CUENTAS.
#RACISMISNOTCOMEDY
#ApologizeMikeSilvero
#Disculpaâ€¦",ğ¿ğ‘ğ‘Ÿğ‘–ğ‘ ğ‘ ğ‘â·ğŸ’›,0,56,2021-06-17 22:50:53
222,@mikeotr que pena por este seÃ±or.. que lamentable que no sepa que las Armys no olvidamos #DisculpateMikeSilvero #DisculpateABCCOLOR,SKZ ARE 8: IgnastaytinyArmy,0,1,2021-06-17 22:50:15
223,RT @rsgsmj1: L@s que puedan por favor apoyen a l@s armys en Instagram que pelean por la justicia para los chicos #StopAsianHate EXIGIMOS UNâ€¦,à®œ*â€¢.êª—êªŠêª¶â…ˆ .â€¢*à®œ ğŸ‡¸ğŸ‡»,0,45,2021-06-17 22:50:13
224,RT @BEJinjinara: Como army hemos venido soportando diversos ataques de medios extranjeros por simplemente defender a bangt4n de ataques xenâ€¦,amy_borahae,0,3687,2021-06-17 22:49:57
225,"RT @namu41471566: Odia a army insultenos, diganos lo que quieran si nos desean la muerte incluso lo aguantaremos, pero por favor no odies aâ€¦",solsara,0,3,2021-06-17 22:49:33
226,"RT @EM0B00Y: FALTA POCO, SIGAN FIRMANDO LA PETICIÃ“N, COMPARTAN O UTILICEN OTRAS CUENTAS.
#RACISMISNOTCOMEDY
#ApologizeMikeSilvero
#Disculpaâ€¦",à®œ*â€¢.êª—êªŠêª¶â…ˆ .â€¢*à®œ ğŸ‡¸ğŸ‡»,0,56,2021-06-17 22:49:32
227,"RT @karylababy1: DeberÃ­a aprender de las personas a las cuales denigra con su comentario absurdo

#DisculpateMikeSilvero 
#RACISMISNOTCOMEDâ€¦",solsara,0,3,2021-06-17 22:49:24
228,"RT @HyungGabriela: Gente, sigan pidiendo la disculpa y sigan poniendo el # para que no quede en el olvido la xenofobia y lo manipuladores qâ€¦",ğŸ’œBangTanâ·ğŸ’›á´®áµ˜áµ—áµ—áµ‰Ê³ğŸ’œğŸ‡µğŸ‡¾ğŸ§ˆ,0,3,2021-06-17 22:49:15
229,"RT @Andrea83363055: #DisculpateMikeSilvero
#DisculpateABCCOLOR 
Las armys pedimos ""RESPETO""  para BTS pero nadie entiende lo que es el ""RESâ€¦",ğŸ’œBangTanâ·ğŸ’›á´®áµ˜áµ—áµ—áµ‰Ê³ğŸ’œğŸ‡µğŸ‡¾ğŸ§ˆ,0,3,2021-06-17 22:49:03
230,"RT @rMwEJT7u0mOcd2t: @mikeotr Solo voy a decirte esto 
#RACISMISNOTCOMEDY #DisculpateMikeSilvero 
#DisculpateABCCOLOR https://t.co/ogpn9hpsâ€¦",solsara,0,4,2021-06-17 22:48:58
231,"RT @hildasmarroquin: ARMY ğŸ’œğŸ’œğŸ’œhace respetar a BTS ğŸ’œ ğŸ’œğŸ’œğŸ’œjamÃ¡s te metas con BTS ğŸ’œsi no quieres sentir el poder de ARMY
#DisculpateMikeSilveroâ€¦",solsara,0,3,2021-06-17 22:48:45
232,RT @NamcolleBangtan: Estamos cansadxs de que ataquen a los chicos y se escuden en que es broma o pretendan que no lo tomemos con la seriedaâ€¦,ğŸ’œBangTanâ·ğŸ’›á´®áµ˜áµ—áµ—áµ‰Ê³ğŸ’œğŸ‡µğŸ‡¾ğŸ§ˆ,0,2,2021-06-17 22:48:43
233,"RT @fer_amy34: un""periodista""tan incompetente le debe una disculpa a bangtan y a toda la sociedad en general no estÃ¡ bien lo que hizo,es unâ€¦",winter,0,6,2021-06-17 22:48:42
234,RT @Xio66786965: L@s que puedan por favor apoyen a l@s armys ğŸ’œğŸ’œğŸ’œ #StopAsianHateCrimes EXIGIMOS UNA DISCULPA #DisculpateMikeSilvero #Apologiâ€¦,ğŸ’œBangTanâ·ğŸ’›á´®áµ˜áµ—áµ—áµ‰Ê³ğŸ’œğŸ‡µğŸ‡¾ğŸ§ˆ,0,3,2021-06-17 22:48:08
235,"RT @Keinth0: Tengo 17 aÃ±os, un paso de ser adulta, no estoy ""enamorada"" de ellos, aprecio y admiro a esos chicos que me sacaron de mis peorâ€¦",Francis Paez,0,45,2021-06-17 22:47:52
236,"RT @mm_blanquita: Â¡EXIGIMOS UNA DISCULPA!
de la manera mÃ¡s atenta le pedimos que se retracte, usted nos a ofendiendo

#DisculpateMikeSilverâ€¦",ğŸ’œBangTanâ·ğŸ’›á´®áµ˜áµ—áµ—áµ‰Ê³ğŸ’œğŸ‡µğŸ‡¾ğŸ§ˆ,0,2,2021-06-17 22:47:33
237,"RT @Solarami10: Se le hizo una entrevista a una army paraguaya #DisculpateMikeSilvero 
#DisculpateABCCOLOR
#ApologizeABCCOLOR https://t.co/â€¦",Francis Paez,0,235,2021-06-17 22:47:29
238,"RT @ChimmySun: JIMIN Y Becky g dijeron : La gente que crÃ­tica simplemente me da pena. 

La Rap lÃ­ne dijeron : Ustedes, envidioso, resentidoâ€¦",solsara,0,111,2021-06-17 22:47:27
239,"RT @kth_pao: ""-No son chinos son surcoreanos""
""-Es lo mismo ğŸ™„""

Woow sabÃ­a que la gente era ignorante, pero no tanto. Que vergÃ¼enza de persâ€¦",Francis Paez,0,51,2021-06-17 22:47:25
240,"RT @Solarami10: Se le hizo una entrevista a una army paraguaya #DisculpateMikeSilvero 
#DisculpateABCCOLOR
#ApologizeABCCOLOR https://t.co/â€¦",Marlen Valdes,0,235,2021-06-17 22:47:18
241,"RT @Ali_kukencio016: Wtf con este hombre primero tira basura a Bts y despuÃ©s utiliza una canciÃ³n de los chicos 
-piensa que utilizando unaâ€¦",Rocio_min,0,100,2021-06-17 22:47:03
242,"RT @Shb07_: No sÃ© cÃ³mo sigue trabajando despuÃ©s de lo que hizo, deberÃ­an despedirlo para ponerlo de ejemplo, una persona racista no mereceâ€¦",ğŸ’œBangTanâ·ğŸ’›á´®áµ˜áµ—áµ—áµ‰Ê³ğŸ’œğŸ‡µğŸ‡¾ğŸ§ˆ,0,2,2021-06-17 22:46:43
243,"RT @sxfti_nathy: LA XENOFOBIA NO ES HUMOR NI OPINIÃ“N! 
Â¡Â¡EXIGIMOS UNA DISCULPA!!
#RACISMISNOTCOMEDY 
#DisculpateMikeSilvero 
#ElRacismoNoEsâ€¦",Francis Paez,0,12,2021-06-17 22:46:40
244,"RT @lalalaladebts: ""Otro trofeo encima de mis manos, son demasiado que no puedo contarlos""
#DisculpateABCCOLOR
#DisculpateMikeSilvero 
#RACâ€¦",Francis Paez,0,7,2021-06-17 22:46:37
245,"RT @KathyBArmy: Llamar ""Monologo""

A Palabras Hirientes y DifamaciÃ³n. No es excusa para liberarse de una responsabilidad. Es Inaceptable

Eâ€¦",Francis Paez,0,253,2021-06-17 22:46:30
246,RT @Karlyarmy3: #DisculpateMikeSilvero #DisculpateABCCOLOR Merecen el 1Â° en los Billbord porque se lo ganaron;AdemÃ¡s Â¿Porque no?Â¿Porque ustâ€¦,ğŸ’œBangTanâ·ğŸ’›á´®áµ˜áµ—áµ—áµ‰Ê³ğŸ’œğŸ‡µğŸ‡¾ğŸ§ˆ,0,2,2021-06-17 22:46:21
247,"RT @Solarami10: Se le hizo una entrevista a una army paraguaya #DisculpateMikeSilvero 
#DisculpateABCCOLOR
#ApologizeABCCOLOR https://t.co/â€¦",solsara,0,235,2021-06-17 22:46:16
248,"RT @karylababy1: CÃ³mo puede! llamar ""productos sobrevalorados"" a 7 chicos talentosos que no hacen ningÃºn mal a nadie.
SeÃ±or su comentario eâ€¦",ğŸ’œBangTanâ·ğŸ’›á´®áµ˜áµ—áµ—áµ‰Ê³ğŸ’œğŸ‡µğŸ‡¾ğŸ§ˆ,0,2,2021-06-17 22:46:12
249,"RT @Cami_Duarte_M: â€œnuestros fans reciben muchas crÃ­ticas solo por ser fans de idols, pero son realmente grandes personas, siendo honesto,â€¦",ArmyğŸ’œğŸ’œ,0,1929,2021-06-17 22:45:59
250,"RT @Jennseok18: Mi pregunta es, por quÃ© las cuentas de este MALEDUCADO E IRRESPETUOSO, siguen como si nada?
  
#DisculpateMikeSilvero 
#RACâ€¦",ğŸ’œBangTanâ·ğŸ’›á´®áµ˜áµ—áµ—áµ‰Ê³ğŸ’œğŸ‡µğŸ‡¾ğŸ§ˆ,0,4,2021-06-17 22:45:44
251,"RT @jhopecatz: abc: su Ã©xito es manipulado 
bts en 2019: 

#DisculpateABCCOLOR https://t.co/RyGnH3jQ7r",David,0,6423,2021-06-17 22:45:41
252,"RT @kth_pao: ""-No son chinos son surcoreanos""
""-Es lo mismo ğŸ™„""

Woow sabÃ­a que la gente era ignorante, pero no tanto. Que vergÃ¼enza de persâ€¦",Sugaà¸…^â€¢ï»Œâ€¢^à¸…â·ğŸ’›,0,51,2021-06-17 22:45:35
253,"RT @AlexiaDayrin: â€œSi no puedes respetar, ni siquiera abras la bocaâ€-Kim Namjoon #ApologizeMikeSilvero #DisculpateMikeSilvero EXIGIMOS UNAâ€¦",solsara,0,62,2021-06-17 22:45:35
254,"RT @namu41471566: Odia a army insultenos, diganos lo que quieran si nos desean la muerte incluso lo aguantaremos, pero por favor no odies aâ€¦",ğŸ’œBangTanâ·ğŸ’›á´®áµ˜áµ—áµ—áµ‰Ê³ğŸ’œğŸ‡µğŸ‡¾ğŸ§ˆ,0,3,2021-06-17 22:45:32
255,"RT @karylababy1: DeberÃ­a aprender de las personas a las cuales denigra con su comentario absurdo

#DisculpateMikeSilvero 
#RACISMISNOTCOMEDâ€¦",ğŸ’œBangTanâ·ğŸ’›á´®áµ˜áµ—áµ—áµ‰Ê³ğŸ’œğŸ‡µğŸ‡¾ğŸ§ˆ,0,3,2021-06-17 22:45:26
256,"RT @jktanie_: â—âš ï¸ARMY FIRMA Ã‰STA PETICIÃ“Nâš ï¸â—
rt para llegar a mÃ¡s!

ABC Color Paraguay: Unjustifiable xenophobic discrimination against Souâ€¦",ğŸ’œBangTanâ·ğŸ’›á´®áµ˜áµ—áµ—áµ‰Ê³ğŸ’œğŸ‡µğŸ‡¾ğŸ§ˆ,0,14,2021-06-17 22:45:19
257,"RT @hildasmarroquin: ARMY ğŸ’œğŸ’œğŸ’œhace respetar a BTS ğŸ’œ ğŸ’œğŸ’œğŸ’œjamÃ¡s te metas con BTS ğŸ’œsi no quieres sentir el poder de ARMY
#DisculpateMikeSilveroâ€¦",ğŸ’œBangTanâ·ğŸ’›á´®áµ˜áµ—áµ—áµ‰Ê³ğŸ’œğŸ‡µğŸ‡¾ğŸ§ˆ,0,3,2021-06-17 22:45:02
258,"RT @minpark_taekook: Si cree que ARMY dejarÃ¡ esto pasar, esta muy equivocado, basta de burlas, su xenofobia no lo puede hacer ver mÃ¡s estÃºpâ€¦",Francis Paez,0,43,2021-06-17 22:44:54
259,"RT @StephArmyH: Quieren respeto pero no aprende a respetar el trabajo duro de los demÃ¡s.

EXIGIMOS UNA DISCULPA! 
#DisculpateMikeSilvero #Dâ€¦",Francis Paez,0,36,2021-06-17 22:44:47
260,"RT @ChimmySun: JIMIN Y Becky g dijeron : La gente que crÃ­tica simplemente me da pena. 

La Rap lÃ­ne dijeron : Ustedes, envidioso, resentidoâ€¦",Marlen Valdes,0,111,2021-06-17 22:44:32
261,"RT @jeonkimBangtan2: !!EXIGIMOS UNA DISCULPA!! 
 la xenofobia no es humor ni opiniÃ³n !!! EXIGIMOS UNA DISCULPA!!!!! 

#ElRacismoNoEsLibertaâ€¦",solsara,0,122,2021-06-17 22:44:24
262,"RT @GranLiderMoon: â˜Art 28 de la Constitucion Nacional de Paraguay: ""recibir informaciÃ³n veraz, responsable y ecuÃ¡nimeâ€- Ley 5.828/14. 
Vamâ€¦",Namjoonistauniverse,0,277,2021-06-17 22:44:22
263,"RT @minpark_taekook: Si cree que ARMY dejarÃ¡ esto pasar, esta muy equivocado, basta de burlas, su xenofobia no lo puede hacer ver mÃ¡s estÃºpâ€¦",la_kpoper000,0,43,2021-06-17 22:43:39
264,"RT @StephArmyH: Quieren respeto pero no aprende a respetar el trabajo duro de los demÃ¡s.

EXIGIMOS UNA DISCULPA! 
#DisculpateMikeSilvero #Dâ€¦",la_kpoper000,0,36,2021-06-17 22:43:35
265,"RT @AlexiaDayrin: â€œSi no puedes respetar, ni siquiera abras la bocaâ€-Kim Namjoon #ApologizeMikeSilvero #DisculpateMikeSilvero EXIGIMOS UNAâ€¦",Sugaà¸…^â€¢ï»Œâ€¢^à¸…â·ğŸ’›,0,62,2021-06-17 22:43:09
266,"RT @Solarami10: Se le hizo una entrevista a una army paraguaya #DisculpateMikeSilvero 
#DisculpateABCCOLOR
#ApologizeABCCOLOR https://t.co/â€¦",Sugaà¸…^â€¢ï»Œâ€¢^à¸…â·ğŸ’›,0,235,2021-06-17 22:42:49
267,"@mikeotr Tanto esfuerzo que han echo para que una persona venga a burlarse estÃ¡ mal, exigimos disculpa

#DisculpateMikeSilvero 
#ElRacismoNoEsLibertadDeExpresion 
#DisculpateABCCOLOR",Stay_straykidsbiased,1,1,2021-06-17 22:42:08
268,RT @LaNacionPy: Con el hashtag â€œ#DisculpateABCCOLORâ€ el club de fans Army Py de BTS sacudiÃ³ las redes sociales exigiendo a dicho medio de câ€¦,ğŸ§ˆá´®á´±É±Î±×â·ğŸ§ˆãƒ„,0,985,2021-06-17 22:41:43
269,"RT @abiseokjinnie39: no nos debemos callar antes las injusticias que sufren dia a dia, EXIGIMOS UNA DISCULPA PUBLICA
#DisculpateMikeSilveroâ€¦",kyodes,0,765,2021-06-17 22:41:26
270,"ARMY ğŸ’œğŸ’œğŸ’œhace respetar a BTS ğŸ’œ ğŸ’œğŸ’œğŸ’œjamÃ¡s te metas con BTS ğŸ’œsi no quieres sentir el poder de ARMY
#DisculpateMikeSilvero 
#DisculpateABCCOLOR",HILDA S. MARROQUIN,2,3,2021-06-17 22:40:52
271,"RT @abiseokjinnie39: no nos debemos callar antes las injusticias que sufren dia a dia, EXIGIMOS UNA DISCULPA PUBLICA
#DisculpateMikeSilveroâ€¦",Dan,0,765,2021-06-17 22:40:48
272,"@mikeotr Vasta con el racismo, no los compares con otros grupos 

#DisculpateMikeSilvero 
#DisculpateABCCOLOR",Stay_straykidsbiased,1,1,2021-06-17 22:40:33
273,"RT @Txtx_cxb_MTX: Los chicos lo dijeron hace tan solo unos dÃ­as en el muster.

#RACISMISNOTCOMEDY
#ApologizeABCCOLOR 
#ApologizeMikeSilveroâ€¦",Andry QuiÃ±ones,0,1636,2021-06-17 22:40:32
274,"@dooly_king No nos vamos a rendir hasta que se hagan responsables por su falta de profesionalismo al de hacer pÃºblicas sus ""opiniones"" que claramente estÃ¡n llenas de Xenofobia
#DisculpateMikeSilvero 
#DisculpateABCCOLOR 
#ElRacismoNoEsLibertadDeExpresion 
#RacismIsNotFreedomOfExpression",Park Sole,2,2,2021-06-17 22:39:47
275,"RT @ValAmy151395: Exigimos una disculpa Yaâ€¼ï¸
No @mikeotr
EL RACISMO NO ES NINGÃšN CHISTE NI HUMOR, APRENDE A RESPETAR. 
ESTA NO FUE UNA DISCâ€¦",Rocio_min,0,77,2021-06-17 22:39:23
276,"RT @Keinth0: Tengo 17 aÃ±os, un paso de ser adulta, no estoy ""enamorada"" de ellos, aprecio y admiro a esos chicos que me sacaron de mis peorâ€¦",Rocio_min,0,45,2021-06-17 22:39:15
277,"RT @jhopecatz: abc: su Ã©xito es manipulado 
bts en 2019: 

#DisculpateABCCOLOR https://t.co/RyGnH3jQ7r",DahiiğŸ‡µğŸ‡¾,0,6423,2021-06-17 22:39:04
278,"@mikeotr Solo voy a decirte esto 
#RACISMISNOTCOMEDY #DisculpateMikeSilvero 
#DisculpateABCCOLOR https://t.co/ogpn9hpsHk",â™¡ï¸ ğ•¨ğ•šğ•Ÿğ•¥ğ•–ğ•£ ğ•“ğ•–ğ•’ğ•£â· âŸ­âŸ¬ â™¡ï¸,4,4,2021-06-17 22:39:01
279,"RT @jktanie_: â—âš ï¸ARMY FIRMA Ã‰STA PETICIÃ“Nâš ï¸â—
rt para llegar a mÃ¡s!

ABC Color Paraguay: Unjustifiable xenophobic discrimination against Souâ€¦",Xim OT7âˆ ğŸ‡²ğŸ‡½ğŸ’œ,0,14,2021-06-17 22:39:00
280,"RT @XxNochuArmyxX1: VEN? HASTA ELLOS LO SABEN, SABEN QUE SOMOS CAPACES DE DEFENDERLOS UNA Y UN MILLÃ“N DE VECES, SABEN QUE SOMOS CAPACES DEâ€¦",Rocio_min,0,63,2021-06-17 22:38:59
281,"RT @jktanie_: â—âš ï¸ARMY FIRMA Ã‰STA PETICIÃ“Nâš ï¸â—
rt para llegar a mÃ¡s!

ABC Color Paraguay: Unjustifiable xenophobic discrimination against Souâ€¦",â†â€¢â™ªÂ°á´á´€É¢Éªá´„ êœ±Êœá´á´˜â· â™¡â†â€¢â™ªÂ°ğŸ§ˆâŸ­âŸ¬,0,14,2021-06-17 22:38:52
282,"RT @kth_pao: ""-No son chinos son surcoreanos""
""-Es lo mismo ğŸ™„""

Woow sabÃ­a que la gente era ignorante, pero no tanto. Que vergÃ¼enza de persâ€¦",Rocio_min,0,51,2021-06-17 22:38:47
283,"RT @Valetn_029: abc: su Ã©xito es manipulado 
bts en 2019: 

#DisculpateABCCOLOR https://t.co/uV9gtV7832",ğ™ˆğ™ğ™£ğ™”ğ™¤ğ™¤ğ™£ğ™œğ™ğ™¢ğ™ğ™–ğ™ª_234,0,4,2021-06-17 22:38:09
284,"RT @ArianaArizana: EXIGIMOS UNA DISCULPA! 
#DisculpateMikeSilvero #DisculpateABCCOLOR #ElRacismoNoEsLibertadDeExpresion 

Ya escribÃ­ lo queâ€¦",ğ™ˆğ™ğ™£ğ™”ğ™¤ğ™¤ğ™£ğ™œğ™ğ™¢ğ™ğ™–ğ™ª_234,0,8,2021-06-17 22:38:06
285,"RT @sxfti_nathy: LA XENOFOBIA NO ES HUMOR NI OPINIÃ“N! 
Â¡Â¡EXIGIMOS UNA DISCULPA!!
#RACISMISNOTCOMEDY 
#DisculpateMikeSilvero 
#ElRacismoNoEsâ€¦",ğ™ˆğ™ğ™£ğ™”ğ™¤ğ™¤ğ™£ğ™œğ™ğ™¢ğ™ğ™–ğ™ª_234,0,12,2021-06-17 22:38:01
286,"RT @Cami_Army2712: AMISğŸ’œNUNCA OLVIDEN ESTO...ğŸ˜“

BANGTAN: ""Army la pasÃ³ muy mal porque nos querÃ­a proteger""ğŸ¥º

ARMY: ""Si al final no podemosâ€¦",Rocio_min,0,92,2021-06-17 22:37:55
287,RT @k_da30: RespetarÃ© tu 'opiniÃ³n'  cuando estÃ¡ no le falte el respeto a nadie. AsÃ­ que antes de hablar no es necesario decir todo lo que pâ€¦,Rocio_min,0,57,2021-06-17 22:37:44
288,"RT @minpark_taekook: Si cree que ARMY dejarÃ¡ esto pasar, esta muy equivocado, basta de burlas, su xenofobia no lo puede hacer ver mÃ¡s estÃºpâ€¦",ğ™ˆğ™ğ™£ğ™”ğ™¤ğ™¤ğ™£ğ™œğ™ğ™¢ğ™ğ™–ğ™ª_234,0,43,2021-06-17 22:37:32
289,"RT @StephArmyH: Quieren respeto pero no aprende a respetar el trabajo duro de los demÃ¡s.

EXIGIMOS UNA DISCULPA! 
#DisculpateMikeSilvero #Dâ€¦",ğ™ˆğ™ğ™£ğ™”ğ™¤ğ™¤ğ™£ğ™œğ™ğ™¢ğ™ğ™–ğ™ª_234,0,36,2021-06-17 22:37:29
290,"RT @EM0B00Y: FALTA POCO, SIGAN FIRMANDO LA PETICIÃ“N, COMPARTAN O UTILICEN OTRAS CUENTAS.
#RACISMISNOTCOMEDY
#ApologizeMikeSilvero
#Disculpaâ€¦",ğ™ˆğ™ğ™£ğ™”ğ™¤ğ™¤ğ™£ğ™œğ™ğ™¢ğ™ğ™–ğ™ª_234,0,56,2021-06-17 22:37:26
291,"RT @Smile_Kimmy2: Namjoon una vez dijo... 

#DisculpateMikeSilvero
#DisculpateABCCOLOR 
#ApologizeMikeSilvero 
#ApologizeABCCOLOR

 https:/â€¦",diana gutierrez jimenez,0,59,2021-06-17 22:36:58
292,"â—âš ï¸ARMY FIRMA Ã‰STA PETICIÃ“Nâš ï¸â—
rt para llegar a mÃ¡s!

ABC Color Paraguay: Unjustifiable xenophobic discrimination against South Korean singers ""BTS"" https://t.co/LNL8amNAFl vÃ­a @ChangeorgLatino 
#DisculpateMikeSilvero
#DisculpateABCCOLOR
#RACISMISNOTCOMEDY",reyi á´®á´± ğŸ‘¨ğŸ¼â€ğŸ¦±ğŸ¦¿ğŸ¦¾,27,14,2021-06-17 22:36:52
293,"RT @AlexiaDayrin: â€œSi no puedes respetar, ni siquiera abras la bocaâ€-Kim Namjoon #ApologizeMikeSilvero #DisculpateMikeSilvero EXIGIMOS UNAâ€¦",diana gutierrez jimenez,0,62,2021-06-17 22:36:52
294,"RT @Solarami10: Se le hizo una entrevista a una army paraguaya #DisculpateMikeSilvero 
#DisculpateABCCOLOR
#ApologizeABCCOLOR https://t.co/â€¦",angie,0,235,2021-06-17 22:36:44
295,"DeberÃ­a aprender de las personas a las cuales denigra con su comentario absurdo

#DisculpateMikeSilvero 
#RACISMISNOTCOMEDY 
#DisculpateABCCOLOR https://t.co/V92FbM4Eba",```KAREN```,5,3,2021-06-17 22:35:32
296,"#DisculpateABCCOLOR Que puedo decir sobre esto, me siento algo decepcionada de cÃ³mo se usa el nombre de los artistas para conseguir atenciÃ³n a su programaâ€¦ me siento triste de que el racismo y la xenofobia lleguen a este punto, pero ARMY siempre estarÃ¡ para defender a BTSğŸ’œ https://t.co/8BU17sXMgo",may,0,1,2021-06-17 22:35:17
297,"RT @elfabiangomez: ""LA GENTE QUE CRITICA SIMPLEMENTE ME DA PENA"".

- JIMIN, MUSTER 2021.

#DisculpateABCCOLOR",kuroâˆ,0,1370,2021-06-17 22:35:17
298,"RT @Solarami10: Se le hizo una entrevista a una army paraguaya #DisculpateMikeSilvero 
#DisculpateABCCOLOR
#ApologizeABCCOLOR https://t.co/â€¦",K1000ÂªğŸ§ˆ,0,235,2021-06-17 22:34:41
299,"RT @Andy12844361: Â¡Que necesitad de hacer este tipo de cosas que falta de profesionalismo, el articulo tiene informaciÃ³n FALSA y DIFAMACIÃ“Nâ€¦",Romina Roa,0,28,2021-06-17 22:33:53
