text,name,favourite_count,retweet_count,created_at,polaridad,subjetividad,sentiment,neg,neu,pos,compound
abc su Ã©xito es manipudo bts   DisculpateABCCOLOR ,BTS memes,0,6468,2021-06-21 12:44:30,0.0,0.0,neutral,0.0,1.0,0.0,0.0
Â¡Por favor remuevan e artÃ­cu  estÃ¡ nformando a  gte y perjudicando artistas! â€¦,M A R I A,0,68,2021-06-21 12:17:06,0.0,0.0,positive,0.0,0.834,0.166,0.4574
Te recuerdo  bes a disculpa.DisculpateMikeSilvero ApogizeMikeSilvero DisculpateABCCOLOR Apoâ€¦,La_pulga_de_yeontanğŸ˜—,0,3,2021-06-21 12:10:12,0.0,0.0,neutral,0.0,1.0,0.0,0.0
ğŸ“„MEMORIASRecormos  emocionado  estaba ğŸ± cuando contrÃ³ s links ilegales  ver  partido  fÃºtbol.Apoâ€¦,Diana Aguilar,0,1,2021-06-21 11:41:32,0.0,0.0,neutral,0.0,1.0,0.0,0.0
â€œPor  eternidad quÃ©date aquÃ­... Oye promete con  do meÃ±i â€                      â€”Frids/ V and Jimin.Apâ€¦,Diana Aguilar,0,2,2021-06-21 11:41:18,0.0,0.0,neutral,0.0,1.0,0.0,0.0
â€œNuestros fans recib muchas crÃ­ticas so por r fans  idols  son realmte grans personas do honesto soâ€¦,Diana Aguilar,0,2,2021-06-21 11:40:39,0.0,0.0,neutral,0.0,1.0,0.0,0.0
Hook no estoy guro  a Yoongi le guste le pulra Yoongi automÃ¡ticamteApogizeABCCOLOR DisculpateABCCOLORâ€¦,Diana Aguilar,0,2,2021-06-21 11:40:08,0.0,0.0,negative,0.128,0.872,0.0,-0.296
Bril sueÃ±a sonrÃ­e dÃ©janos brilr a nuestra manera dÃ©janos iluminar  noche brilmos tal y  somosâ€ - Mikrokoâ€¦,Diana Aguilar,0,2,2021-06-21 11:38:01,0.0,0.0,neutral,0.0,1.0,0.0,0.0
ğŸ“„ MEMORIAS La vez   a prtaciÃ³n  The Truth Untold Army psÃ³  Jgkook estaba lrando   realidad sâ€¦,Diana Aguilar,0,0,2021-06-21 11:37:47,0.0,0.0,positive,0.0,0.905,0.095,0.3182
ğŸ‘€ CURIOSIDAD Un dÃ­a suga  a trevista dijo   idioma  mÃ¡s le atraÃ­a era  espaÃ±ol  habr con L-Armyâ€¦,Diana Aguilar,0,0,2021-06-21 11:37:19,0.0,0.0,neutral,0.0,1.0,0.0,0.0
ğŸ“„ MEMORIAS Recormos  vez  Suga le dijo a Jimin  romperÃ­a con  por no ayudar a contrar s tarjetas tonâ€¦,Diana Aguilar,0,0,2021-06-21 11:37:04,0.0,0.0,negative,0.095,0.905,0.0,-0.296
DATOğŸ“„La camisa  ğŸ¹ cÃ­a La gte sprecia s cosas  no pu tr  s  ti esperanzas y sueÃ±osâ€¦,Diana Aguilar,0,6,2021-06-21 11:32:57,0.0,0.0,negative,0.095,0.905,0.0,-0.296
hombres geraciÃ³n  cristalx maradona no era bua per-hombres CALLATE QUE DECIS DE MARADONA MI REY MEJOR Q TUS CHNIâ€¦,Oliver Matt ||-//,0,0,2021-06-21 10:08:34,0.0,0.0,negative,0.091,0.909,0.0,-0.296
QuÃ© horror todos s medios distoronando y tomando datos   artÃ­cu   mismo autor admitiÃ³   equivocÃ³   fâ€¦,Iracebeth Parkâ· ğŸ§ˆ,0,3885,2021-06-21 08:13:02,0.0,0.0,negative,0.139,0.861,0.0,-0.5719
La difamaciÃ³n y odio  sus publicaciones son inaceptables do medios  comicaciÃ³n estÃ¡n   ber  iâ€¦,Genesis,0,85,2021-06-21 08:00:33,0.0,0.0,neutral,0.0,1.0,0.0,0.0
EXIGIMOS  DISCULPA!!DisculpateMikeSilveroDisculpateABCCOLORElRacismoNoEsLibertadDeExpreonRacismIsNotFreeâ€¦,ğƒğ˜ğ‹ğ€ğê¯­â… ğŸ‡¦ğŸ‡·,0,1,2021-06-21 05:21:18,0.0,0.0,neutral,0.0,1.0,0.0,0.0
Los medios  comicaciÃ³n dic r profeonales  NO sÃ© informan antes  habr  algÃºn tema nosotros estamos aqâ€¦,ğŸ’œLoreNamuâ·ğŸ’œ,0,2104,2021-06-21 05:16:17,0.0,0.0,negative,0.123,0.877,0.0,-0.4466
Pero voy al pto... Lo  me lleva a esto remos a disculpa Â¿por  no reconoces tu error? Estamos realmte muy ojad por dicha tuaciÃ³n Y exigimos respeto Es haber redactado bi mi ia  manera corta y concreta. DisculpateMikeSilvero DisculpateABCCOLOR,Cassandra Navarro,0,0,2021-06-21 05:09:07,0.0,0.0,negative,0.117,0.883,0.0,-0.5994
Recormos   ya sucediÃ³   hace os dÃ­as A   todos hemos exigido a disculpa  Mike Silvero ya  hizo a falta  respeto muy gran  ARMY DisculpateMikeSilvero DisculpateABCCOLOR,Cassandra Navarro,0,0,2021-06-21 05:09:06,0.0,0.0,neutral,0.0,1.0,0.0,0.0
DisculpateMikeSilvero DisculpateABCCOLORLa mÃ¡xima expreÃ³n l amor es  respeto a o mismo y a s mÃ¡sComcemos esto recordando  pabra RESPETO Â¿QUE ES EL RESPETO?,Cassandra Navarro,0,0,2021-06-21 05:09:06,0.0,0.0,positive,0.0,0.852,0.148,0.6124
â€œTampoco son muy buos    hacâ€ Exigimos a disculpa DisculpateMikeSilvero DisculpateABCCOLOR â€¦,ğ™³ğ™°ğšğšˆâ·ğŸğŸ‡¨ğŸ‡´,0,493,2021-06-21 04:55:58,0.0,0.0,neutral,0.0,1.0,0.0,0.0
  Es a pa  s personas pin asÃ­  ni modo hasta  no les to  pasar por algo asÃ­ no van a tr. DisculpateMikeSilvero DisculpateABCCOLOR,Jeiseok :D,0,0,2021-06-21 04:52:10,0.0,0.0,negative,0.145,0.855,0.0,-0.5267
Esto ya esta esta llegando maado lejos exijimos   borre todos s articus es y BH tome medidas legalesâ€¦,mel7,0,3603,2021-06-21 04:09:41,0.0,0.0,neutral,0.0,1.0,0.0,0.0
Esto ya esta esta llegando maado lejos exijimos   borre todos s articus es y BH tome medidas legalesâ€¦,ğŸŒ¸â’¶â“¡â“˜â“˜â“£â“©â“”â“›ğŸ§ˆğŸ‡²ğŸ‡½,0,3603,2021-06-21 03:44:56,0.0,0.0,neutral,0.0,1.0,0.0,0.0
Que pa   gte aÃºn  niegue a aceptar   grupo   idioma totalmte distinto pueda lirar listas importantesâ€¦,âŸ­âŸ¬á´®á´±ğ•Šğ•™ğ•’ğ•£ğ• ğ• â· Bangtan,0,3,2021-06-21 03:22:17,0.0,0.0,neutral,0.0,1.0,0.0,0.0
El ARMY exige a disculpa  BTS por s comtarios gerados.....DisculpateMikeSilvero DisculpateABCCOLOR ElRacismoNoEsLibertadDeExpreon RacismIsNotFreedomOfExpreson ApogizeMikeSilvero NUNCAMASSOMOSGEN ApogizeABCCOLOR,Leidy Rodriguez,1,0,2021-06-21 03:14:54,0.0,0.0,neutral,0.0,1.0,0.0,0.0
Esto ya esta esta llegando maado lejos exijimos   borre todos s articus es y BH tome medidas legalesâ€¦,â€¢ dt_pkâ· ğŸ’œâ€¢,0,3603,2021-06-21 02:43:03,0.0,0.0,neutral,0.0,1.0,0.0,0.0
El pto  vista objetivo  respeta.A s  ti  lujo  comicar culturÃ­ce infÃ³rme;  saber es  lujo  muy pocos  utilizan. No pan peda iversal abordando temas con tinte humoral s  sconocimitoDisculpateABCCOLOR DisculpateMikeSilvero ,Analia Fretes ğŸ‡µğŸ‡¾,1,0,2021-06-21 02:41:10,0.0,0.0,negative,0.052,0.948,0.0,-0.296
EXIGIMOS  DISCULPA!!DisculpateMikeSilveroDisculpateABCCOLORElRacismoNoEsLibertadDeExpreonRacismIsNotFreedomOfExpreson ApogizeABCCOLOR ,la esposa de SUGA,0,0,2021-06-21 02:25:29,0.0,0.0,neutral,0.0,1.0,0.0,0.0
A nosotros tampoco nos va a pesar cirle  basura  fue e programa ApogizeMikeSilveroNUNCAMASSOMOSGENDisculpatâ€¦,Marina SÃ¡nchez Espinoza,0,551,2021-06-21 01:49:32,0.0,0.0,neutral,0.0,1.0,0.0,0.0
Ni  chiste ni  parodia ni  ningÃºn momto lmes producto a personas   esforzaron tanto por llegaâ€¦,Marina SÃ¡nchez Espinoza,0,23,2021-06-21 01:49:12,0.0,0.0,neutral,0.0,1.0,0.0,0.0
ğŸ’¬ â€œPin respeto s sus propias bocas  no tin  gnificado   pabra libertad e imprcia son crameâ€¦,Marina SÃ¡nchez Espinoza,0,267,2021-06-21 01:48:41,0.0,0.0,negative,0.104,0.896,0.0,-0.296
QUEREMOS RESPETO EXIGIMOS  DISCULPA DisculpateMikeSilveroApogizeMikeSilveroRACISMISNOTCOMEDYDisculpateABCCOâ€¦,Marina SÃ¡nchez Espinoza,0,8,2021-06-21 01:46:15,0.0,0.0,neutral,0.0,1.0,0.0,0.0
ATENCIÃ“N â€¼ï¸Ya hay a pntil    vi y asÃ­  puedan tomar acciones legales no pomos darnos  hacer nâ€¦,Marina SÃ¡nchez Espinoza,0,540,2021-06-21 01:39:00,0.0,0.0,negative,0.087,0.913,0.0,-0.296
No mÃ¡s hate DisculpateMikeSilveroApogizeMikeSilveroRACISMISNOTCOMEDYDisculpateABCCOLOR ApogizeABCCOLOR,Karenemp,1,0,2021-06-21 01:38:58,-0.8,0.9,negative,0.496,0.504,0.0,-0.7096
Estamos cansados   xofobia y  odio injustificado. Por quÃ© discriminas? Por quÃ© invtas cosas. Los chicos  ya ha teâ€¦,Marina SÃ¡nchez Espinoza,0,1362,2021-06-21 01:38:45,0.0,0.0,positive,0.0,0.897,0.103,0.34
Es a falta  Ã©tica y falta  respeto hacia btsasÃ­  disculp                                  DisculpateMikâ€¦,Marina SÃ¡nchez Espinoza,0,3,2021-06-21 01:33:36,0.0,0.0,neutral,0.0,1.0,0.0,0.0
Apoyamos a  por amor DisculpateMikeSilveroDisculpateABCCOLORElRacismoNoEsLibertadDeExpreonRacismIsNotFreedâ€¦,Marina SÃ¡nchez Espinoza,0,2,2021-06-21 01:33:33,0.0,0.0,positive,0.0,0.692,0.308,0.6124
Pedimos disculpas  ğŸ‘‡ğŸ¼ğŸ‘‡ğŸ¼ğŸ‘‡ğŸ¼ ApogizeABCCOLORDisculpateABCCOLORArmymamis ğŸ§¡ğŸŒ¸ ,Marina SÃ¡nchez Espinoza,0,12,2021-06-21 01:32:48,0.0,0.0,neutral,0.0,1.0,0.0,0.0
Nosotras apoyamos  arte!!! ğŸ’œğŸ’œLo  andan difdido es totalmte falso. ... Pidan disculpas por favor.!!Discuâ€¦,Marina SÃ¡nchez Espinoza,0,10,2021-06-21 01:32:03,0.0,0.0,neutral,0.0,1.0,0.0,0.0
Esos medios  habr so por habr dan cÃ³lera!DisculpateABCCOLOR ,Marina SÃ¡nchez Espinoza,0,7,2021-06-21 01:32:00,0.0,0.0,neutral,0.0,1.0,0.0,0.0
ğŸš¨ğŸš¨ğŸš¨ğŸš¨ğŸš¨ğŸš¨ğŸš¨ğŸš¨ğŸš¨ğŸš¨ğŸš¨ğŸš¨Aviso Armymamis amos fuerzas con  resto  Armys l mdo  publicar  Twitter pidido a disculpaâ€¦,Marina SÃ¡nchez Espinoza,0,5,2021-06-21 01:31:40,0.0,0.0,neutral,0.0,1.0,0.0,0.0
 Â¿ AÃºn no ties s pantanes  disculparte ? es   esperÃ¡bamos  a persona  tÃº. DisculpateMikeSilvero DisculpateABCCOLOR NUNCAMASSOMOSGEN ApogizeABCCOLOR,Monserrat,1,0,2021-06-21 01:15:48,0.0,0.0,negative,0.095,0.905,0.0,-0.296
VEN? HASTA ELLOS LO SABEN SABEN QUE SOMOS CAPACES DE DEFENDERLOS  Y UN MILLÃ“N DE VECES SABEN QUE SOMOS CAPACES DEâ€¦,Jimin_2.15@hotmail.com,0,92,2021-06-21 00:45:08,0.0,0.0,neutral,0.0,1.0,0.0,0.0
JIMIN Y Becky g dijeron  La gte  crÃ­tica mplemte me da pa. La Rap lÃ­ne dijeron  Ustes vidioso rtidoâ€¦,Jimin_2.15@hotmail.com,0,145,2021-06-21 00:44:50,0.0,0.0,neutral,0.0,1.0,0.0,0.0
DisculpateABCCOLOR DisculpateMikeSilvero ARMY exige a disculpa ncera!!,Elisua,0,0,2021-06-21 00:28:06,0.0,0.0,neutral,0.0,1.0,0.0,0.0
â—COPIEN Y PEGUEN PARA HACER TENDENCIAâ—EXIGIMOS  DISCULPA ESTO ES  PROFESIONALISMODisculpateMikeSilveroDisculpatâ€¦,MIN06,0,726,2021-06-21 00:24:57,0.0,0.0,neutral,0.0,1.0,0.0,0.0
Exigimos  iminaciÃ³n  s artÃ­cus publicados amÃ¡s  a disculpa pÃºblica por s comtarios hechos  dÃ­a  ayeâ€¦,MIN06,0,385,2021-06-21 00:24:33,0.0,0.0,neutral,0.0,1.0,0.0,0.0
â—COPIEN Y PEGUEN PARA HACER TENDENCIAâ—EXIGIMOS  DISCULPA ESTO ES  PROFESIONALISMODisculpateMikeSilveroâ€¦,Elisua,0,1,2021-06-21 00:21:49,0.0,0.0,neutral,0.0,1.0,0.0,0.0
Si Jimin a mi tambiÃ©n me dan pa.DisculpateABCCOLOR DisculpateMikeSilvero RACISMISNOTCOMEDY ,âœ¦YAHIRâœ¦ Inactivo no unf,0,1051,2021-06-20 23:59:42,0.0,0.0,neutral,0.0,1.0,0.0,0.0
ğŸ“¢Â¡ ATENCIÃ“N ARMY!En vista   no hemos recibido ninga respuesta hemos tomado  ciÃ³n  mandar correo a â€¦,âœ¦YAHIRâœ¦ Inactivo no unf,0,445,2021-06-20 23:33:48,0.0,0.0,negative,0.106,0.894,0.0,-0.3595
disculpateABCCOLORdisculpateMikerveroBTS son s mejores  mÃ­ y  ARMY ğŸ’œğŸŒ»,Lucia Maltos,0,1,2021-06-20 23:32:28,0.0,0.0,neutral,0.0,1.0,0.0,0.0
disculpateABCCOLORdisculpateMikerveroBTS son s mejores  mÃ­ y  ARMY ğŸ’œğŸŒ»,Elia,1,1,2021-06-20 23:26:50,0.0,0.0,neutral,0.0,1.0,0.0,0.0
Si no pues respetar ni quiera habrÃ¡s  boca - Namjoon RACISMISNOTCOMEDYApogizeABCCOLOR ApogizeMikeSilveâ€¦,Kyorelly,0,879,2021-06-20 23:14:17,0.0,0.0,negative,0.136,0.864,0.0,-0.296
abc su Ã©xito es manipudo bts   DisculpateABCCOLOR ,âŸ¬âŸ­á´®á´±NJCruzâ·âŸ­âŸ¬ğŸŒ±ğŸ•Š,0,6468,2021-06-20 23:12:27,0.0,0.0,neutral,0.0,1.0,0.0,0.0
JIMIN Y Becky g dijeron  La gte  crÃ­tica mplemte me da pa. La Rap lÃ­ne dijeron  Ustes vidioso reâ€¦,âŸ¬âŸ­á´®á´±NJCruzâ·âŸ­âŸ¬ğŸŒ±ğŸ•Š,0,35,2021-06-20 23:11:26,0.0,0.0,neutral,0.0,1.0,0.0,0.0
abc su Ã©xito es manipudo bts   DisculpateABCCOLOR ,ValentinağŸ’›,0,6468,2021-06-20 22:58:03,0.0,0.0,neutral,0.0,1.0,0.0,0.0
No soy army   asco  exista gte a. La xofobia no es humor. no son muy buos    hac BTS  boâ€¦,Mari ğŸ‡¨ğŸ‡´// Namu ğŸ“šğŸŒ±,0,463,2021-06-20 22:43:00,0.0,0.0,negative,0.202,0.734,0.064,-0.5423
â€” â€œPiso  todas s personas merec r respetadas por  mple hecho  existir - Kim NamjoonDisculpateMikeâ€¦,11.11,0,120,2021-06-20 22:38:39,0.0,0.35714285714285715,neutral,0.0,1.0,0.0,0.0
Els son personas  han luchado s  inicio por alcanzar sus sueÃ±os no  han tido fÃ¡cil   han grado mâ€¦,Novaly,0,4,2021-06-20 22:35:57,0.0,0.0,negative,0.087,0.913,0.0,-0.296
WTF!!!????! LO ÃšNICO QUE EXIGIMOS ES  DISCULPA Y QUE BORREN LA NOTA ACASO ES MUY DIFÃCIL HACERLO!!!??? JODANSE TODOâ€¦,Novaly,0,124,2021-06-20 22:34:55,-1.0,1.0,neutral,0.0,1.0,0.0,0.0
Con respecto al artÃ­cu redactado por exigimos  a removido y  disculp por haber hecho tal acusâ€¦,ğŸŠLa princesa de Glossâ·ğŸŠ,0,1563,2021-06-20 22:30:47,0.0,0.0,neutral,0.0,1.0,0.0,0.0
Esto ya esta esta llegando maado lejos exijimos   borre todos s articus es y BH tome medidas legalesâ€¦,ğŸŠLa princesa de Glossâ·ğŸŠ,0,3603,2021-06-20 22:29:33,0.0,0.0,neutral,0.0,1.0,0.0,0.0
Que paso al final? No le hicieron nada a  no val habÃ­a do DisculpateABCCOLOR ApogizeABCCOLOR DisculpateMikeSilvero,DarkLucas6108,1,0,2021-06-20 22:29:15,0.0,1.0,negative,0.239,0.761,0.0,-0.5267
No esto no es a broma.RACISMISNOTCOMEDYApogizeMikeSilveroEXIGIMOS  DISCULPADisculpateABCCOLORABC Cor Parâ€¦,ğŸ¦‹ğ™ˆğ™šğ™§ğ™®â·,0,283,2021-06-20 22:21:51,0.0,0.0,negative,0.227,0.773,0.0,-0.5267
EstÃ¡ mas  cro  s chicos jamÃ¡s necetaron vr mercancÃ­a por su Ã©xito empre vino so no necetaron â€¦,Namdulsâ™¡,0,1,2021-06-20 22:02:59,0.0,0.0,negative,0.095,0.905,0.0,-0.296
a  vta s  albumes  s mdiales  futbolEuroRutaBictariaCaraboboDisculpateABCCOLORLokiJâ€¦,Yauri Sivira,0,1,2021-06-20 20:49:15,0.0,0.0,neutral,0.0,1.0,0.0,0.0
Es  tga  cuta  s chicos ya ti a ley  s cubra  este tipo  cosas so estamos pidido uâ€¦,Alexaa salvando el semestre (no unf),0,201,2021-06-20 20:40:42,0.0,0.0,neutral,0.0,1.0,0.0,0.0
Son sÃ³  chicos  estÃ¡n cumplido sus sueÃ±os....pq  odio y s burs? Ya berÃ­an  aprr a RESPETARLOSarmyâ€¦,lu. ğŸ§ˆ,0,5,2021-06-20 20:34:25,0.0,0.0,neutral,0.0,1.0,0.0,0.0
abc su Ã©xito es manipudo bts   DisculpateABCCOLOR ,áµáµƒá¶œá¶œÊ°áµƒâ¿â˜ï¸,0,6468,2021-06-20 20:29:46,0.0,0.0,neutral,0.0,1.0,0.0,0.0
  Hermoso tae por otro do...DisculpateABCCOLOR DisculpateMikeSilvero ApogizeABCCOLOR ApogizeMikeSilvero PYARMYSUPPORTSBTS ,ArmyğŸ’œ,2,0,2021-06-20 19:49:28,0.0,0.0,neutral,0.0,1.0,0.0,0.0
 DisculpateMikeSilvero ApogizeMikeSilvero DisculpateABCCOLORApogizeABCCOLOR   DisculpateğŸ‘¿,ArmyğŸ’œ,1,0,2021-06-20 19:33:02,0.0,0.0,neutral,0.0,1.0,0.0,0.0
â€œnuestros fans recib muchas crÃ­ticas so por r fans  idols  son realmte grans personas do honestoâ€¦,GiLi,0,1941,2021-06-20 19:22:33,0.0,0.0,neutral,0.0,1.0,0.0,0.0
Exigimos a disculpa!!!Esto no  pue dar asÃ­ remos respeto.DisculpateMikeSilvero DisculpateABCCOLOR ,Mandarinadeyoongi,0,36,2021-06-20 19:11:25,0.0,0.0,negative,0.17,0.83,0.0,-0.4724
â€œSi no pues respetar ni quiera abras  bocaâ€-Kim Namjoon ApogizeMikeSilvero DisculpateMikeSilvero EXIGIMOS â€¦,Mandarinadeyoongi,0,74,2021-06-20 19:10:10,0.0,0.0,negative,0.128,0.872,0.0,-0.296
JIMIN Y Becky g dijeron  La gte  crÃ­tica mplemte me da pa. La Rap lÃ­ne dijeron  Ustes vidioso rtidoâ€¦,Mandarinadeyoongi,0,145,2021-06-20 19:08:05,0.0,0.0,neutral,0.0,1.0,0.0,0.0
Una vez  k-army hace  poble   todo llegue a s noticias coreanas s  causaron dichos problemas ya no tieâ€¦,Luly95,0,66,2021-06-20 18:46:09,0.0,0.0,negative,0.087,0.913,0.0,-0.296
Wtf con este hombre primero tira basura a Bts y spuÃ©s utiliza a canciÃ³n  s chicos -pisa  utilizando aâ€¦,Luly95,0,110,2021-06-20 18:45:57,-0.5,1.0,negative,0.16,0.84,0.0,-0.5859
!!EXIGIMOS  DISCULPA!!   xofobia no es humor ni opiniÃ³n !!! EXIGIMOS  DISCULPA!!!!! ElRacismoNoEsLibertaâ€¦,Luly95,0,147,2021-06-20 18:43:09,0.0,0.0,negative,0.165,0.733,0.103,-0.3111
JIMIN Y Becky g dijeron  La gte  crÃ­tica mplemte me da pa. La Rap lÃ­ne dijeron  Ustes vidioso rtidoâ€¦,Luly95,0,145,2021-06-20 18:43:04,0.0,0.0,neutral,0.0,1.0,0.0,0.0
Esto ya esta esta llegando maado lejos exijimos   borre todos s articus es y BH tome medidas legalesâ€¦,Luly95,0,3603,2021-06-20 18:42:37,0.0,0.0,neutral,0.0,1.0,0.0,0.0
ğŸ–‹ï¸EJ Exigimos a    articu a removido pedimos   disculp. DisculpateABCCOLOR ApogizeABCâ€¦,Luly95,0,13,2021-06-20 18:42:28,0.0,0.0,neutral,0.0,1.0,0.0,0.0
Aceptamos humilmte s crÃ­ticas y s juicios  no permaneceremos  lcio ante  irracional   sociedad nos oponemos a  discriminaciÃ³n racial tu y yo temos  recho a r respetados mantgamos idosDisculpateABCCOLOR DisculpateMikeSilvero BTSARMY,Yuridia,1,0,2021-06-20 18:35:20,0.0,0.0,negative,0.062,0.937,0.0,-0.296
RciaMikeSilvero Exigo  rcia  Mike Silvero! Por dar  discurso  odio hacia bts y army! Que c  profeonal contratan?! Que verguza y falta  profeonalismo! RciaMikeSilvero DisculpateMikeSilvero DisculpateABCCOLOR,Yuridia,1,0,2021-06-20 18:33:30,0.0,0.0,neutral,0.0,1.0,0.0,0.0
Deberian spedir a todas s personas  hicieron y aprobaron  reportaje ya basta dâ€¦,Yuridia,0,3,2021-06-20 18:32:51,0.0,0.0,neutral,0.0,1.0,0.0,0.0
EXIJAMOS  DISCULPA! Por parte  ABC COLOR y Mike Silverio esto es a grandÃ­ma ofsa ya estÃ¡n grans  andaâ€¦,Yuridia,0,3,2021-06-20 18:31:55,0.0,0.0,neutral,0.0,1.0,0.0,0.0
Hey! Buos dÃ­as ğŸ™†ğŸ½â€â™€ï¸ Soy yo o es  bu dÃ­a  bajarle  cuta a Mike Silverio? So digo... ğŸƒğŸ½â€â™€ï¸ğŸƒğŸ½â€â™€ï¸Rciâ€¦,Yuridia,0,4,2021-06-20 18:31:34,0.0,0.0,neutral,0.0,1.0,0.0,0.0
Tgo  aÃ±os  paso  r adulta no estoy amorada  s aprecio y admiro a esos chicos  me sacaron  mis peorâ€¦,Yuridia,0,54,2021-06-20 18:31:05,0.0,0.0,negative,0.084,0.916,0.0,-0.296
Una vez  k-army hace  poble   todo llegue a s noticias coreanas s  causaron dichos problemas ya no tieâ€¦,Yuridia,0,66,2021-06-20 18:31:05,0.0,0.0,negative,0.087,0.913,0.0,-0.296
RespetarÃ© tu 'opiniÃ³n'  cuando estÃ¡ no le falte  respeto a nadie. AsÃ­  antes  habr no es necesario cir todo   pâ€¦,Yuridia,0,73,2021-06-20 18:31:04,0.0,0.0,negative,0.155,0.845,0.0,-0.5267
CÃ¡lle Ã±or y escuchÃ© a mi dios rapeando y respete  da pa aja DisculpateMikeSilveroApogizeMikeSilveroNUNCAMASSOMOSGENDisculpateABCCOLOR ApogizeABCCOLOR ,Yuridia,1,0,2021-06-20 18:29:11,0.0,0.0,neutral,0.0,1.0,0.0,0.0
VEN? HASTA ELLOS LO SABEN SABEN QUE SOMOS CAPACES DE DEFENDERLOS  Y UN MILLÃ“N DE VECES SABEN QUE SOMOS CAPACES DE DEJAR QUE NOS LASTIMEN A NOSOT ANTES QUE A ELLOS!!! EXIGIMOS  DISCULPA!!!!ElRacismoNoEsLibertadDeExpreon DisculpateABCCOLOR DisculpateMikeSilvero,Yuridia,1,0,2021-06-20 18:29:11,0.0,0.0,neutral,0.0,1.0,0.0,0.0
EXIGIMOS  DISCULPA!EL RACISMO Y MENOSPRECIAR EL TRABAJO DE ALGUIEN NO ES  OPINIÃ“N.DisculpateMikeSilvero RACISMISNOTCOMEDY DisculpateABCCOLOR  ,Yuridia,1,0,2021-06-20 18:28:58,0.0,0.0,negative,0.152,0.848,0.0,-0.4981
JIMIN Y Becky g dijeron  La gte  crÃ­tica mplemte me da pa. La Rap lÃ­ne dijeron  Ustes vidioso rtidos berÃ­an aprr a rer.EXIGIMOS  DISCULPA! DisculpateMikeSilveroDisculpateABCCOLOR RACISMISNOTCOMEDY ,Yuridia,1,0,2021-06-20 18:24:34,0.0,0.0,neutral,0.0,1.0,0.0,0.0
Gracias a esta k-army  noticia llego a s fans coreanas quies ya  estan informando y pezando a difdir!!!discuâ€¦,ğŸŠconnieğŸŠ,0,9,2021-06-20 18:19:05,0.0,0.0,neutral,0.0,1.0,0.0,0.0
Armys  todo  mdo  estan ido contra  difamaciÃ³n  revieron s chicos por  parte  ABC me lla  orgul sâ€¦,Yuridia,0,27,2021-06-20 18:18:37,0.0,0.0,neutral,0.0,1.0,0.0,0.0
Armys  todo  mdo  estÃ¡n ido contra  difamaciÃ³n  revieron s chicos por parte  ABC me lla  orgul r  este fandom y calrles s bocas a esos ignorantesDisculpateABCCOLOR DisculpateMikeSilvero NUNCAMASSOMOSGEN ApogizeABCCOLOR,Yuridia,3,0,2021-06-20 18:17:57,0.0,0.0,neutral,0.0,1.0,0.0,0.0
JIMIN Y Becky g dijeron  La gte  crÃ­tica mplemte me da pa. La Rap lÃ­ne dijeron  Ustes vidioso rtidoâ€¦,Suemyli,0,145,2021-06-20 17:58:40,0.0,0.0,neutral,0.0,1.0,0.0,0.0
Vido s comtarios me doy cuta  ti tan normalizado  hate hacia BS  cuando algui hace comtâ€¦,â˜ï¸ ğ‘±ğ’†ğ’‚ğ’ğ’ğ’†ğ’•ğ’•ğ’† â˜ï¸ âªğ”¹ğ•¦ğ•¥ğ•¥ğ•–ğ•£ ğŸ§ˆ,0,5,2021-06-20 17:43:13,-0.8,0.9,negative,0.15,0.85,0.0,-0.5719
â—COPIEN Y PEGUEN PARA HACER TENDENCIAâ—EXIGIMOS  DISCULPA ESTO ES  PROFESIONALISMODisculpateMikeSilveroDisculpatâ€¦,SugaMoa ğŸ‡¨ğŸ‡´ ğŸ§ˆâ„,0,726,2021-06-20 16:49:53,0.0,0.0,neutral,0.0,1.0,0.0,0.0
No esto no es a broma.RACISMISNOTCOMEDYApogizeMikeSilveroEXIGIMOS  DISCULPADisculpateABCCOLORABC Cor Parâ€¦,ğ’šğ’–ğ’–â·,0,283,2021-06-20 16:22:45,0.0,0.0,negative,0.227,0.773,0.0,-0.5267
 EXIGIMOS  DISCULPA!!DisculpateMikeSilveroDisculpateABCCOLORElRacismoNoEsLibertadDeExpreonRacismIsNotFreedomOfExpreson ApogizeABCCOLOR,ê¨„ï¸ğ½ğ‘’ğ‘Ÿğ‘–ğ‘–~ğ‘™ğ‘’ğ‘’ê¨„ï¸,1,0,2021-06-20 16:19:53,0.0,0.0,neutral,0.0,1.0,0.0,0.0
EXIGIMOS  DISCULPA!! por parte  Abc cor y Mike lveroDisculpateMikeSilveroDisculpateABCCOLORElâ€¦,Jazz ğŸ˜˜ğŸ’œ,0,6,2021-06-20 16:16:13,0.0,0.0,neutral,0.0,1.0,0.0,0.0
Los chicos  dijeron hace tan so os dÃ­as   muster.RACISMISNOTCOMEDYApogizeABCCOLOR ApogizeMikeSilveroâ€¦,K,0,1636,2021-06-20 15:18:08,0.0,0.0,neutral,0.0,1.0,0.0,0.0
JIMIN Y Becky g dijeron  La gte  crÃ­tica mplemte me da pa. La Rap lÃ­ne dijeron  Ustes vidioso rtidoâ€¦,alexa,0,145,2021-06-20 13:06:43,0.0,0.0,neutral,0.0,1.0,0.0,0.0
Wtf con este hombre primero tira basura a Bts y spuÃ©s utiliza a canciÃ³n  s chicos -pisa  utilizando aâ€¦,soledad,0,110,2021-06-20 12:52:30,-0.5,1.0,negative,0.16,0.84,0.0,-0.5859
Wtf con este hombre primero tira basura a Bts y spuÃ©s utiliza a canciÃ³n  s chicos -pisa  utilizando aâ€¦,ğŸ¥~SÑ…Ò“Ñ‚Î¹_Ğ²eÎ±r~ğŸ¥,0,110,2021-06-20 12:35:18,-0.5,1.0,negative,0.16,0.84,0.0,-0.5859
â€œSi no pues respetar ni quiera abras  bocaâ€-Kim Namjoon ApogizeMikeSilvero DisculpateMikeSilvero EXIGIMOS â€¦,Dani ğŸ¥°ğŸ’œ,0,74,2021-06-20 10:28:14,0.0,0.0,negative,0.128,0.872,0.0,-0.296
â€œnuestros fans recib muchas crÃ­ticas so por r fans  idols  son realmte grans personas do honestoâ€¦,ğŸŒ¼ğŸˆ,0,1941,2021-06-20 08:20:14,0.0,0.0,neutral,0.0,1.0,0.0,0.0
 Si crees q tus supuestas disculpas s tomamos  rio estas mal fue a bur total es increible   comicador pueda ter tanta xofobia te cugas   fama  BTS y  ARMY quit su nota amarillista. DisculpateMikeSilveroDisculpateABCCOLOR,Itzel Romo,5,0,2021-06-20 07:48:45,0.0,0.75,neutral,0.0,1.0,0.0,0.0
 prÃ³xima no hable antes n estar informado y  verdad me importa a m*erda   tÃº digas por prefiero. Seguir a s chinos esos  dices  a a persona  tÃº n respeto ni moral.okDisculpateABCCOLORDisculpateMikeSilvero,Laura,4,0,2021-06-20 07:27:04,0.0,0.0,negative,0.217,0.783,0.0,-0.8555
Y  disculpo o no estÃ© tipo?El racismo no es ni libertad  expreÃ³n ni humor.Queremos a disculpa.DisculpateMikeSilveroDisculpateABCCOLORElRacismoNoEsLibertadDeExpreonRacismIsNotFreedomOfExpresonApogizeMikeSilvero NUNCAMASSOMOSGEN ApogizeABCCOLOR,â£ï¸YasodharağŸ¦‹ğŸ’•ğŸ‡²ğŸ‡½,1,0,2021-06-20 07:21:14,0.0,0.0,negative,0.154,0.772,0.074,-0.3182
No habÃ­a visto  vÃ­o completo y ahora estoy aÃºn mÃ¡s ojadaEXIGIMOS  DISCULPA AHORA!!Disculpatâ€¦,shaila,0,3,2021-06-20 07:09:36,0.0,0.0,negative,0.128,0.872,0.0,-0.4184
CrÃ©ditos  DisculpateMikeSilveroApogizeMikeSilveroRACISMISNOTCOMEDYDisculpateABCCOLOR ApogizeABCCâ€¦,shaila,0,20,2021-06-20 07:09:17,0.0,0.0,neutral,0.0,1.0,0.0,0.0
[âš ï¸] Una K-ARMY hizo a traducciÃ³n l vÃ­o don  hace comtarios maliciosos y sagradables  s chicos!â€¦,shaila,0,451,2021-06-20 07:09:12,-0.75,1.0,neutral,0.0,1.0,0.0,0.0
+ Todos s medios periodÃ­sticos  acusaron e hicieron dar a bts  tramposos  lugar  nformar berÃ­an repliâ€¦,Amayrany MonzÃ³n,0,1249,2021-06-20 06:47:47,0.0,0.0,neutral,0.0,1.0,0.0,0.0
No sÃ©  estÃ¡ pasando  ti  disculpar  o  )) DisculpateMikeSilveroDisculpateABCCOLORâ€¦,.ï½¡â…*ğŸ§ˆ.â‹† Ñ‚Î±Ñ” â‹†.ğŸ§ˆ*â…ï½¡.,0,4,2021-06-20 06:22:11,0.5,1.0,negative,0.121,0.879,0.0,-0.296
copi &amp; pegu â†“EXIGIMOS  DISCULPADisculpateMikeSilveroDisculpateABCCOLORElRacismoNoEsLibertadDeExpreonRacisâ€¦,.ï½¡â…*ğŸ§ˆ.â‹† Ñ‚Î±Ñ” â‹†.ğŸ§ˆ*â…ï½¡.,0,293,2021-06-20 06:22:08,0.0,0.0,neutral,0.0,1.0,0.0,0.0
Eres responsable    dices.El racismo no es ni libertad  expreÃ³n ni humor.Queremos a disculpa.DisculpateMikeSilveroDisculpateABCCOLORElRacismoNoEsLibertadDeExpreonRacismIsNotFreedomOfExpresonApogizeMikeSilvero NUNCAMASSOMOSGEN ApogizeABCCOLOR,MagicÂ ShopğŸ’œ,0,0,2021-06-20 06:15:27,0.0,0.0,negative,0.078,0.848,0.074,-0.0258
ã€ï¼®ï¼µï¼¥ï¼¶ï¼¯ã€€ï¼¶ï¼©ï¼¤ï¼¥ï¼¯ã€‘Â¿QuÃ©   pasÃ³ con BTS y ABC? La explicaciÃ³n finitiva (?) l DisculpateABCCor,Braulio Â®,0,100,2021-06-20 06:01:51,0.0,0.0,neutral,0.0,1.0,0.0,0.0
Nadie toca a BTS. Despidan!RACISMISNOTCOMEDY ğŸ˜¡DisculpateABCCOLORDisculpateMikeSilverodisculpateabc,Jk~,0,1,2021-06-20 05:57:48,0.0,0.0,neutral,0.0,1.0,0.0,0.0
DisculpateABCCOLOR disculpateabc DisculpateMikeSilveroQue falta  profeonalismo  parte  s periodisâ€¦,Jk~,0,1,2021-06-20 05:57:19,0.0,0.0,neutral,0.0,1.0,0.0,0.0
Si parece  cualquier hijo  vecino pue r periodista  e canal   capo  habr tanta miâ€¦,Jk~,0,2,2021-06-20 05:57:13,0.0,0.0,neutral,0.0,1.0,0.0,0.0
NOSOTRAS/OS ARMY hemos trabajado  llevars a  cima. Usted tie  saber  publicar  artÃ­cu odio sobre sâ€¦,Jk~,0,1,2021-06-20 05:57:08,0.0,0.0,neutral,0.0,1.0,0.0,0.0
MÃ¡s  pa. VergÃ¼za DisculpateABCCOLOR DisculpateMikeSilver disculpateabc RACISMISNOTCOMEDY,Jk~,0,1,2021-06-20 05:57:05,0.0,0.0,neutral,0.0,1.0,0.0,0.0
Si Jimin a mi tambiÃ©n me dan pa.DisculpateABCCOLOR DisculpateMikeSilvero RACISMISNOTCOMEDY ,Jk~,0,1051,2021-06-20 05:57:04,0.0,0.0,neutral,0.0,1.0,0.0,0.0
Exigimos a disculpa pÃºblica por parte  ABC y Mike Silvero   usted no tie carisma  hacer su trabajo mejor no â€¦,Jk~,0,1,2021-06-20 05:56:59,0.0,0.0,negative,0.167,0.833,0.0,-0.5267
Exigimos a disculpa por tu falta  profeonalismo y por tu odia irracional hacia BTS DisculpateMikeSilvero Disculpâ€¦,Jk~,0,1,2021-06-20 05:56:51,0.0,0.0,neutral,0.0,1.0,0.0,0.0
Ahora parece  no pues respetar s gustos mucales otras personas? Eres realmte patÃ©tico. DiscÃºlpate Disculpaâ€¦,Jk~,0,1,2021-06-20 05:56:41,0.0,0.0,negative,0.115,0.885,0.0,-0.296
Ser racistas no es a opiniÃ³n ni libertad  expreÃ³n r xÃ³fobo no es humor. Realmte SE TIENEN QUE DISCULPAR. Diâ€¦,Jk~,0,1,2021-06-20 05:56:39,0.0,0.0,negative,0.173,0.827,0.0,-0.5267
Man  mierda s fans  s chinos estos  guay nadie s ja a s chinos con Covid  cantan ahÃ­ DisculpateABCâ€¦,Jk~,0,1,2021-06-20 05:56:32,0.0,0.0,neutral,0.0,1.0,0.0,0.0
No jemos  esto llege a mas personas No al rasmo?!ğŸ‘‡DisculpateABCCOLOR DisculpateMikeSilvero DisculpateMikeSilverâ€¦,Jk~,0,1,2021-06-20 05:56:26,0.0,0.0,negative,0.265,0.735,0.0,-0.5707
La verdad    dijo  periodista fue xÃ³fobico fue falta  respeto etc ojalÃ¡ hagan algo  informar mÃ¡s sobreâ€¦,Jk~,0,1,2021-06-20 05:56:26,0.0,0.0,neutral,0.0,1.0,0.0,0.0
Me parece increÃ­ble   p g  existan personas tan ignorantes.Â¿CuÃ¡ndo van a tr  Bts  Ãºnico  haâ€¦,Jk~,0,1,2021-06-20 05:56:24,0.0,0.0,neutral,0.0,1.0,0.0,0.0
Â¿Que suce con este tipo?... Que falta  respeto y mas vinido  tevisora. DisculpateMikeSilveroApogizeMikeâ€¦,Jk~,0,29,2021-06-20 05:56:21,0.0,0.0,neutral,0.0,1.0,0.0,0.0
El rasmo no es libertad  expreonExigimos disculpa empre y cuando estes realmte arreptido y no so  hagas por obâ€¦,Jk~,0,1,2021-06-20 05:56:14,0.0,0.0,negative,0.18,0.82,0.0,-0.5267
Lo   armÃ³ con  reacciÃ²n  ArmyPY fans  BTS  banda surcoreana  K-pop y su campaÃ±a DisculpateABCCOLOR muestraâ€¦,Jk~,0,21,2021-06-20 05:56:12,0.0,0.0,neutral,0.0,1.0,0.0,0.0
Ya disculp ustes ni investigaron  habr mejor calite y guarn su opiniÃ³n  nadie pidiÃ³ DisculpateABCCOLâ€¦,Jk~,0,1,2021-06-20 05:56:04,0.0,0.0,neutral,0.0,1.0,0.0,0.0
Exigimos a disculpa por  dicho DisculpateMikeSilvero DisculpateABCCOLOR discuâ€¦,Jk~,0,1,2021-06-20 05:55:58,0.0,0.0,neutral,0.0,1.0,0.0,0.0
DeberÃ­an psar mÃ¡s bi  s concucias  sus incrÃ©dus comtarios  personas  mplemte trabajanâ€¦,Jk~,0,1,2021-06-20 05:55:54,0.0,0.0,neutral,0.0,1.0,0.0,0.0
Simplemte es tan absurdo  tu parte das vergÃ¼za aga DisculpateMikeSilver DisculpateABCCOLOR disculpateabc,Jk~,0,1,2021-06-20 05:55:43,0.0,0.0,neutral,0.0,1.0,0.0,0.0
Se me hace totalmte  scaro  parte  Mike lvero  spuÃ©s  haber habdo mal  BTS y mÃ¡s aparte dicho â€¦,Jk~,0,1,2021-06-20 05:55:41,0.0,0.0,neutral,0.0,1.0,0.0,0.0
Su comtario  me hiso algo ignorante y arrogante a pesar  r a persona mayor no por quÃ© tanto odio a BTS ğŸ’œ esâ€¦,Jk~,0,1,2021-06-20 05:55:34,0.0,0.0,neutral,0.0,1.0,0.0,0.0
DisculpateMikeSilveroDisculpateABCCOLOR disculpateabc jajaja neta  tan pocos vares pue llegar a ter alguiâ€¦,Jk~,0,1,2021-06-20 05:55:26,0.0,0.0,neutral,0.0,1.0,0.0,0.0
No somos toxicos so pretejemos   remos exijimos disculpa DisculpateABCCOLOR DisculpateMikeSilver disculpaâ€¦,Jk~,0,2,2021-06-20 05:55:23,0.0,0.0,negative,0.136,0.864,0.0,-0.296
De manera orgÃ¡nica y limpiaâ€¦ Se hace lmar reportero  ni quiera hace su trabajo bi no  hizo l tiempo paâ€¦,Jk~,0,1,2021-06-20 05:55:20,0.0,0.0,negative,0.091,0.909,0.0,-0.296
QUEREMOS DISCULPAS! disculpateABCCOLORdisculpateMikerveroDisculpateABCCOLOR RACISMISNOTCOMEDY disculpateabc Siâ€¦,Jk~,0,1,2021-06-20 05:55:13,0.0,0.0,neutral,0.0,1.0,0.0,0.0
Bu dÃ­a? Bu dÃ­a  tuya.DisculpateABCCOLOR DisculpateABC,Jk~,0,1,2021-06-20 05:55:10,0.0,0.0,neutral,0.0,1.0,0.0,0.0
Army estÃ¡ exigido disculpas DisculpateMikeSilvero DisculpateABCCOLOR disculpateabc,Jk~,0,1,2021-06-20 05:54:51,0.0,0.0,neutral,0.0,1.0,0.0,0.0
Ya paso vastante tiempo y todavia no han pedo disculpas publicas o iminar  publicacion   no llege a mas personasâ€¦,Jk~,0,1,2021-06-20 05:54:26,0.0,0.0,negative,0.188,0.812,0.0,-0.5267
Comido tacos tomando agua  horchata paando   monocicdisculpateabc DisculpateABCCOLOR,Jk~,0,1,2021-06-20 05:54:21,0.0,0.0,neutral,0.0,1.0,0.0,0.0
DisculpateABCCOLORDisculpateMikeSilver disculpateabc Â¿Enrio cre  su Ã©xito  be s estrategias  manipuciâ€¦,Jk~,0,3,2021-06-20 05:54:20,0.0,0.0,neutral,0.0,1.0,0.0,0.0
Exigimos disculpas pÃºblicamteasÃ­   dijiste pedÃ­s disculpas tambiÃ©nDisculpateABCCOLOR DisculpateMikeSilvero diâ€¦,Jk~,0,2,2021-06-20 05:54:09,0.0,0.0,neutral,0.0,1.0,0.0,0.0
Jajaja mire no todos psamos igual ğŸ˜‚ usted qui es? Para estar ofdido s gustos  s  mÃ¡s y cir quiÃ©n es meâ€¦,Jk~,0,1,2021-06-20 05:54:08,0.0,0.0,negative,0.087,0.913,0.0,-0.296
Exigimos as disculpasDisculpateABCCOLOR DisculpateMikeSilvero Disculpateabc,Jk~,0,1,2021-06-20 05:54:05,0.0,0.0,neutral,0.0,1.0,0.0,0.0
Disculpate XÃ³fobo. El canal berÃ­a spedir a quies  perjudican y este es  caso. Despidan a su panista. Diâ€¦,Jk~,0,1,2021-06-20 05:54:04,0.0,0.0,neutral,0.0,1.0,0.0,0.0
Es   mann y spidanarmys porfavor comt usando s DisculpateMikeSilvero DisculpateABCCOLOR disculpaâ€¦,Jk~,0,2,2021-06-20 05:53:55,0.0,0.0,neutral,0.0,1.0,0.0,0.0
RACISMISNOTCOMEDY no vamos a normalizar  hecho   diariamte  hac este tipo  comtarios! DisculpateABCCOâ€¦,Jk~,0,2,2021-06-20 05:53:46,0.0,0.0,negative,0.128,0.872,0.0,-0.3595
No  qui  cree e tipo  tratar asÃ­ a estos  chicos  han salvado mi vida y me han ayudado con bs letrasâ€¦,Jk~,0,1,2021-06-20 05:53:43,0.0,0.0,negative,0.084,0.916,0.0,-0.296
Disculpas nceras n burs.No remos hasta  suceda. ARMY DisculpateABCCOLORDisculpateMikeSilverodiscâ€¦,Jk~,0,1,2021-06-20 05:53:35,0.0,0.0,negative,0.309,0.691,0.0,-0.7003
EXIGIMOS  DISCULPA DE ESTE SEÃ‘OR   DisculpateMikeSilvero DisculpateABCCOLOR DisculpateMikeSilveroâ€¦,Jk~,0,3,2021-06-20 05:53:30,0.0,0.0,neutral,0.0,1.0,0.0,0.0
El mdo rÃ­a distinto   quitaran s perjuicios y abordarÃ¡n s temas con investigaciÃ³n real. DisculpateABCCOLORâ€¦,Jk~,0,1,2021-06-20 05:53:24,0.2,0.30000000000000004,neutral,0.0,1.0,0.0,0.0
DisculpateMikeSilvero DisculpateABCCOLOR disculpateabc Â¡Â¡Exigimos a disculpa!!,Jk~,0,1,2021-06-20 05:53:07,0.0,0.0,neutral,0.0,1.0,0.0,0.0
EXIJIMOS  DISCULPA!!  ELLOS MERECEN RESPETO!!RACISMISNOTCOMEDY DisculpateABCCOLOR DisculpateMikeSilver disculpâ€¦,Jk~,0,4,2021-06-20 05:53:04,0.0,0.0,neutral,0.0,1.0,0.0,0.0
Me odias  no me conocesDisculpateABCCOLOR DisculpateMikeSilver disculpateabc ,Jk~,0,2,2021-06-20 05:52:58,0.0,0.0,negative,0.167,0.833,0.0,-0.296
De verdad  lÃ¡stima  a vez mÃ¡s tgamos  ter esta conversaciÃ³n. EL RACISMO NO ES  OPINIÃ“N.Exigimos disculpâ€¦,Jk~,0,15,2021-06-20 05:52:54,0.0,0.0,negative,0.118,0.882,0.0,-0.4466
â€œPin respeto s sus propias bocas  no tin  gnificado  esa pabraâ€â€”NAMJOONDisculpateABCCOLOR Dâ€¦,ALE MAJATA,0,320,2021-06-20 05:41:21,0.0,0.0,negative,0.109,0.891,0.0,-0.296
Son sÃ³  chicos  estÃ¡n cumplido sus sueÃ±os....pq  odio y s burs? Ya berÃ­an  aprr a RESPETARLOSarmyâ€¦,âœ¨ğ“œğ“®ğ“µğ“ªğ“·ğ”‚ğŸ’œ,0,5,2021-06-20 05:32:12,0.0,0.0,neutral,0.0,1.0,0.0,0.0
Horror con  xofobia disfrazada  humor y sarcasmo  Mike Silvero cuÃ¡ntos aÃ±os ties? ?  no sabes diferciâ€¦,âŸ¬âŸ­ BrisaParkâ· âŸ­âŸ¬ BE,0,610,2021-06-20 04:55:57,0.0,0.0,negative,0.237,0.683,0.08,-0.6322
EXIGIMOS  DISCULPADisculpateMikeSilveroDisculpateABCCOLORElRacismoNoEsLibertadDeExpreonRacismIsNotFreedomOfExâ€¦,Vanesa Artiles Santana,0,38,2021-06-20 04:55:53,0.0,0.0,neutral,0.0,1.0,0.0,0.0
Eso no es excusa  cir cosas asÃ­   programa  informes  me vale  hectÃ¡reas  verga     trate tu estÃºpido espacio  trabajo. DisculpateABCCOLOR DisculpateMikeSilvero.,Anni_KTHâ·âœ¨,0,0,2021-06-20 04:54:54,0.0,0.0,negative,0.066,0.934,0.0,-0.296
Mike lvero don conguiÃ³ su tÃ­tu? Para no ir jamÃ¡s a esa iverdad  prÃ³xima no hable antes n estar informadoâ€¦,âŸ¬âŸ­ BrisaParkâ· âŸ­âŸ¬ BE,0,276,2021-06-20 04:54:34,0.0,0.0,negative,0.296,0.704,0.0,-0.7906
 Exijimos!DisculpateMikeSilvero DisculpateABCCOLOR ElRacismoNoEsLibertadDeExpreon ApogizeABCCOLOR ApogizeMikeSilvero,SolecitoHobi,0,0,2021-06-20 04:42:49,0.0,0.0,neutral,0.0,1.0,0.0,0.0
Exijimos!DisculpateMikeSilveroDisculpateABCCOLORApogizeABCCOLOR,SolecitoHobi,0,0,2021-06-20 04:38:41,0.0,0.0,neutral,0.0,1.0,0.0,0.0
  Exijimos a disculpa publicaDisculpateMikeSilvero ElRacismoNoEsLibertadDeExpreon ApogizeABCCOLOR DisculpateABCCOLOR,SolecitoHobi,0,0,2021-06-20 04:36:32,0.0,0.0,neutral,0.0,1.0,0.0,0.0
abc su Ã©xito es manipudo bts   DisculpateABCCOLOR ,Adriâ… 8 Years With BTSğŸ’œğŸ§ˆğŸ¥ğŸ’›,0,6468,2021-06-20 04:10:36,0.0,0.0,neutral,0.0,1.0,0.0,0.0
 Te metiste con  fandom equivocado ğŸ¤·â€â™€ï¸DisculpateMikeSilvero DisculpateABCCOLOR ElRacismoNoEsLibertadDeExpreon,Dalia Ramirez,0,0,2021-06-20 03:51:56,0.0,0.0,neutral,0.0,1.0,0.0,0.0
DisculpateMikeSilveroDisculpateABCCOLORABC Cor Paraguay Unjustifiable xophobic discrimination against South Korean ngers BTS. - Â¡Firma  peticiÃ³n!  vÃ­a ,Daily Gomez,0,0,2021-06-20 03:46:03,0.0,0.0,neutral,0.0,1.0,0.0,0.0
 Exigimos a disculpa ğŸ˜¡ DisculpateMikeSilvero DisculpateABCCOLOR,Dalia Ramirez,1,0,2021-06-20 03:42:35,0.0,0.0,neutral,0.0,1.0,0.0,0.0
Sigan habndo  s gros  Bangtan y ARMY habn por  sos ğŸ¥°ğŸ¤«ğŸ”¥DisculpateABCCOLOR ApogizeABCCOLOR Disculpatâ€¦,BTS BIGHIT OFICIAL,0,83,2021-06-20 03:35:01,0.0,0.0,neutral,0.0,1.0,0.0,0.0
abc su Ã©xito es manipudo bts   DisculpateABCCOLOR ,ÉªssÊâ‚‡ğŸ§ˆ,0,6468,2021-06-20 03:34:02,0.0,0.0,neutral,0.0,1.0,0.0,0.0
â€œSi no pues respetar ni quiera abras  bocaâ€-Kim Namjoon ApogizeMikeSilvero DisculpateMikeSilvero EXIGIMOS â€¦,A. Angel.2013,0,74,2021-06-20 03:33:47,0.0,0.0,negative,0.128,0.872,0.0,-0.296
JIMIN Y Becky g dijeron  La gte  crÃ­tica mplemte me da pa. La Rap lÃ­ne dijeron  Ustes vidioso rtidoâ€¦,A. Angel.2013,0,145,2021-06-20 03:33:36,0.0,0.0,neutral,0.0,1.0,0.0,0.0
VEN? HASTA ELLOS LO SABEN SABEN QUE SOMOS CAPACES DE DEFENDERLOS  Y UN MILLÃ“N DE VECES SABEN QUE SOMOS CAPACES DEâ€¦,A. Angel.2013,0,92,2021-06-20 03:33:16,0.0,0.0,neutral,0.0,1.0,0.0,0.0
 EXIGIMOS  DISCULPADisculpateMikeSilveroDisculpateABCCOLORElRacismoNoEsLibertadDeExpreonRacismIsNotFreedomOfExpreson ApogizeABCCOLOR,XIOJI,1,0,2021-06-20 03:31:46,0.0,0.0,neutral,0.0,1.0,0.0,0.0
No pedimos  les guste BTS    respet  nos guste asÃ­  ncilğŸ‘‰EXIGIMOS  DISCULPA DisculpateMikeSâ€¦,atena49,0,9,2021-06-20 03:29:38,0.0,0.0,negative,0.095,0.905,0.0,-0.296
Â¡Â¡EXIGIMOS  DISCULPA!! No pues criticar y normalizar tanto  racismo criticar su mÃºca burrte  s y cirâ€¦,LENAâ™¡ï¸ğŸ°âˆâŸ­âŸ¬â·| ğŸ’œğŸ§ˆğŸ‡²ğŸ‡½,0,1414,2021-06-20 02:59:10,0.0,0.0,negative,0.134,0.866,0.0,-0.4184
â€œnuestros fans recib muchas crÃ­ticas so por r fans  idols  son realmte grans personas do honestoâ€¦,Dikiâ· â˜€ï¸,0,1941,2021-06-20 02:39:58,0.0,0.0,neutral,0.0,1.0,0.0,0.0
Exigimos as Disculpas.. Sinceras nada  SARCASMOSEXIGIMOS  DISCULPA!!DisculpateMikeSilveroDisculpateABCCOLORElRacismoNoEsLibertadDeExpreonRacismIsNotFreedomOfExpreson ApogizeABCCOLOR ,FAKELOVE77221,1,0,2021-06-20 02:39:11,0.0,0.0,neutral,0.0,1.0,0.0,0.0
abc su Ã©xito es manipudo bts   DisculpateABCCOLOR ,Anabel~ğŸ€,0,6468,2021-06-20 02:38:08,0.0,0.0,neutral,0.0,1.0,0.0,0.0
abc su Ã©xito es manipudo bts   DisculpateABCCOLOR ,AbigailğŸŒ¼ğŸ§ˆ,0,6468,2021-06-20 02:33:32,0.0,0.0,neutral,0.0,1.0,0.0,0.0
 EXIGIMOS  DISCULPA!!DisculpateMikeSilveroDisculpateABCCOLORElRacismoNoEsLibertadDeExpreonRacismIsNotFreedomOfExpreson ApogizeABCCOLOR,Aleeeeeli,0,0,2021-06-20 02:29:11,0.0,0.0,neutral,0.0,1.0,0.0,0.0
 EXIGIMOS  DISCULPA!!DisculpateMikeSilveroDisculpateABCCOLORElRacismoNoEsLibertadDeExpreonRacismIsNotFreedomOfExpreson ApogizeABCCOLOR,Aleeeeeli,0,0,2021-06-20 02:28:41,0.0,0.0,neutral,0.0,1.0,0.0,0.0
   EXIGIMOS  DISCULPA!!DisculpateMikeSilveroDisculpateABCCOLORElRacismoNoEsLibertadDeExpreonRacismIsNotFreedomOfExpreson ApogizeABCCOLOR,Aleeeeeli,0,0,2021-06-20 02:28:08,0.0,0.0,neutral,0.0,1.0,0.0,0.0
 EXIGIMOS  DISCULPA!!DisculpateMikeSilveroDisculpateABCCOLORElRacismoNoEsLibertadDeExpreonRacismIsNotFreedomOfExpreson ApogizeABCCOLOR,Aleeeeeli,1,0,2021-06-20 02:27:10,0.0,0.0,neutral,0.0,1.0,0.0,0.0
 EXIGIMOS  DISCULPA!!DisculpateMikeSilveroDisculpateABCCOLORElRacismoNoEsLibertadDeExpreonRacismIsNotFreedomOfExpreson ApogizeABCCOLOR,Aleeeeeli,0,0,2021-06-20 02:26:53,0.0,0.0,neutral,0.0,1.0,0.0,0.0
RESPERO DisculpateMikeSilvero DisculpateABCCOLOR,Acsa,0,0,2021-06-20 02:19:45,0.0,0.0,neutral,0.0,1.0,0.0,0.0
Como quitÃ³  publicidad   izquierdaApogizeABCCOLORDisculpateABCCOLORDisculpateMikeSilver ,Mayra Galeano,0,24,2021-06-20 02:19:41,0.0,0.0,neutral,0.0,1.0,0.0,0.0
abc su Ã©xito es manipudo bts   DisculpateABCCOLOR ,soobin txt,0,6468,2021-06-20 02:13:36,0.0,0.0,neutral,0.0,1.0,0.0,0.0
[ActualizaciÃ³n]DisculpateMikeSilvero DisculpateABCCOLOR ApogizeABCCOLOR llegaron a r TT mdial hace  horaâ€¦,IvÃ¡n NÃºÃ±ez,0,3,2021-06-20 02:07:09,-0.75,1.0,neutral,0.0,1.0,0.0,0.0
K-Army CoreaPor DisculpateABCCOLOR y ApogizeABCCOLOR ya son tncias ( y )  Corea l Sur. htâ€¦,IvÃ¡n NÃºÃ±ez,0,32,2021-06-20 02:07:06,0.0,0.0,neutral,0.0,1.0,0.0,0.0
Te recuerdo  bes a disculpa.DisculpateMikeSilvero ApogizeMikeSilvero DisculpateABCCOLOR Apoâ€¦,AnahÃ­,0,3,2021-06-20 01:54:01,0.0,0.0,neutral,0.0,1.0,0.0,0.0
Como  no hemos recibido ninga respuesta hemos cidido mandar correos a BH!Documto Enviar a (â€¦,Milanesa UwU,0,3664,2021-06-20 01:30:54,0.0,0.0,negative,0.142,0.858,0.0,-0.3595
JIMIN Y Becky g dijeron  La gte  crÃ­tica mplemte me da pa. La Rap lÃ­ne dijeron  Ustes vidioso rtidoâ€¦,M@ri7myg,0,145,2021-06-20 00:38:40,0.0,0.0,neutral,0.0,1.0,0.0,0.0
Nuestros fans recib muchas crÃ­ticas so por r fans  idols  son realmte grans personas. Sido honesto sÃ³â€¦,Ê•à¹‘â€¢Ìá´¥â€¢Ì€à¹‘Ê” á´·áµ˜áµáµƒâ¿áµ’â¿â·,0,1083,2021-06-20 00:31:05,0.0,0.0,neutral,0.0,1.0,0.0,0.0
 El amigo te respeta usted muestra hipocresÃ­a y sarcasmo con sus acciones discriminar nca fue a opciÃ³n  cir sus iasda pa su manera  psar.DisculpateMikeSilveroDisculpateABCCOLOR ElRacismoNoEsLibertadDeExpreon ApogizeMikeSilvero RACISMISNOTCOMEDY,NEMC,0,0,2021-06-20 00:02:33,0.0,0.0,neutral,0.0,1.0,0.0,0.0
 DisculpateMikeSilveroDisculpateABCCOLOR ElRacismoNoEsLibertadDeExpreon ApogizeMikeSilvero RACISMISNOTCOMEDY Para r profeonal be tambiÃ©n leeral parecer usted no sabe leer ya  no muestra profeonalismo  su trabajo   cual estudiÃ³ y leyÃ³ supuestamte,NEMC,0,0,2021-06-19 23:54:26,0.0,0.0,negative,0.132,0.868,0.0,-0.5267
Estamos cansados   xofobia y  odio injustificado. Por quÃ© discriminas? Por quÃ© invtas cosas. Los chicos  ya ha teâ€¦,Hyn ğŸ§ˆğŸ‡¦ğŸ‡·ğŸ³ï¸â€ğŸŒˆ,0,1362,2021-06-19 23:50:15,0.0,0.0,positive,0.0,0.897,0.103,0.34
 DisculpateMikeSilveroDisculpateABCCOLOR ElRacismoNoEsLibertadDeExpreon ApogizeMikeSilvero RACISMISNOTCOMEDY Cuando o es profeonapr a respetar a usted esa parte ni  conocesus pabras y actos muestran  ni conoce  pabra respeto.,NEMC,0,0,2021-06-19 23:48:21,0.0,0.0,neutral,0.0,1.0,0.0,0.0
DisculpateMikeSilvero Se hombrecito y da  cara DisculpateMikeSilveroApogizeMikeSilveroRACISMISNOTCOMEDYDisculpateABCCOLOR ApogizeABCCOLOR,Day.Armyforever,0,0,2021-06-19 23:38:29,0.0,0.0,neutral,0.0,1.0,0.0,0.0
El racismos no es a opiniÃ³n no es libertad  expreÃ³n no es humor  racismo es racismo y ptoEXIGIMOS  DISCULPâ€¦,AmxxelWang,0,422,2021-06-19 23:36:26,0.0,0.0,negative,0.23,0.697,0.073,-0.5423
El tÃ­tu  periodista le dÃ³ gran su actitud  hace r a persona mediocreEXIGIMOS  DISCULPADisculpatâ€¦,AmxxelWang,0,165,2021-06-19 23:35:52,-0.5,1.0,neutral,0.0,1.0,0.0,0.0
DisculpateMikeSilvero No vamos a r hasta ter a disculpa o por  mos  te s n empleo DisculpateMikeSilveroApogizeMikeSilveroRACISMISNOTCOMEDYDisculpateABCCOLOR ApogizeABCCOLOR,Day.Armyforever,0,0,2021-06-19 23:35:44,0.0,0.0,negative,0.234,0.766,0.0,-0.7003
VEN? HASTA ELLOS LO SABEN SABEN QUE SOMOS CAPACES DE DEFENDERLOS  Y UN MILLÃ“N DE VECES SABEN QUE SOMOS CAPACES DEâ€¦,AmxxelWang,0,92,2021-06-19 23:35:04,0.0,0.0,neutral,0.0,1.0,0.0,0.0
 No estarÃ© fiz hasta  este mongolico   n empleo y  disculpe.  DisculpateMikeSilvero DisculpateABCCOLOR Xophobia,Min Suga tÃº patrÃ³n.,3,0,2021-06-19 23:29:02,0.0,0.0,negative,0.279,0.721,0.0,-0.7003
No son buos    hac- BTS primer acto coreano  ter  performance y nominaciÃ³n  s GRAMMYS- BTS xâ€¦,Fake Love,0,3,2021-06-19 22:39:09,0.0,0.0,negative,0.091,0.909,0.0,-0.296
 Â TodoÂ Â ARMYÂ estÃ¡Â esperandoÂ tus disculpas asÃ­  pues empezar.YÂ responsabilizateÂ Â tusÂ acciones y pabras.Â NoÂ digas  fue  chiste cuandoÂ cramte todosÂ sabemosÂ Â noÂ tiesÂ respeto algo.DisculpateMikeSilvero DisculpateABCCOLOR ,BTS TUS PATRONESğŸ‘‘,3,0,2021-06-19 22:27:49,0.0,0.0,negative,0.118,0.882,0.0,-0.5267
A nadie le interesa    habs. Â¡AsÃ­  cierra  boca!!  aquÃ­ nadie pidiÃ³ tu opiniÃ³n.DisculpateMikâ€¦,BTS TUS PATRONESğŸ‘‘,0,2,2021-06-19 22:19:50,0.0,0.0,neutral,0.0,1.0,0.0,0.0
Â¿PorquÃ© personas  Mike Silvero gu do periodistas? A S C O DisculpateABCCOLOR DisculpateMikeSilvero,Najheli Hilen FernÃ¡ndez,0,20,2021-06-19 22:06:22,0.0,0.0,neutral,0.0,1.0,0.0,0.0
Horror con  xofobia disfrazada  humor y sarcasmo  Mike Silvero cuÃ¡ntos aÃ±os ties? ?  no sabes diferciâ€¦,Najheli Hilen FernÃ¡ndez,0,610,2021-06-19 22:04:19,0.0,0.0,negative,0.237,0.683,0.08,-0.6322
Aceptaremos humilmte s crÃ­ticas y s juicios  no nos daremos caldos ante  irracional   sociedadâ€¦,MarÃ­a MartÃ­nez,0,13,2021-06-19 21:54:26,0.0,0.0,negative,0.109,0.891,0.0,-0.296
â€œLa educaciÃ³n es  arma mÃ¡s porosa  pues usar  cambiar  mdo. â€” Nson ManDisculpateMikeSilveroDisâ€¦,Yamilethâ·â˜ï¸ğŸ–¤,0,692,2021-06-19 21:29:08,0.0,0.0,neutral,0.0,1.0,0.0,0.0
Si no gusta BTS tonces mantÃ©n  boca cerrada y  no ties nada buo  hacertonces conguete a vida y respeta  gusto  s mÃ¡sNo juegues con fuego  no quieres salir madoEl fandom ARMY exige a DISCULPADisculpateMikeSilvero DisculpateABCCOLOR,Ceidy,0,0,2021-06-19 21:27:53,0.0,0.0,negative,0.148,0.852,0.0,-0.6808
abc su Ã©xito es manipudo bts   DisculpateABCCOLOR ,ğ“ªğ“·ğ“½ğ“¸ğ“¸,0,6468,2021-06-19 21:09:27,0.0,0.0,neutral,0.0,1.0,0.0,0.0
Creo  esto  vez  a disculpa es mÃ¡s  insulto hacia A.R.M.Y.DisculpateMikeSilvero DisculpateABCCOLOR ApogizeABCCOLOR ApogizeMikeSilvero EXIGIMOS  DISCULPA ,Keilany,1,0,2021-06-19 21:05:25,0.0,0.0,neutral,0.0,1.0,0.0,0.0
â—COPIEN Y PEGUEN PARA HACER TENDENCIAâ—EXIGIMOS  DISCULPA ESTO ES  PROFESIONALISMODisculpateMikeSilveroDisculpatâ€¦,samantha,0,726,2021-06-19 20:31:42,0.0,0.0,neutral,0.0,1.0,0.0,0.0
SIGAMOS HACIENDO ESTOS HTS VIRALES ARMY! DisculpateMikeSilveroDisculpateABCCOLORElRacismoNoEsLibertadDeExpreonRaâ€¦,Alexandra Cabrera,0,132,2021-06-19 20:19:14,0.0,0.0,neutral,0.0,1.0,0.0,0.0
Como army hemos vido soportando diversos atas  medios extranjeros por mplemte fr a bangtn  atas xâ€¦,Alexandra Cabrera,0,3695,2021-06-19 20:15:58,0.0,0.0,positive,0.0,0.928,0.072,0.1027
â€” DENUNCIEN ESTA CUENTAâ€¼ï¸link  nci y b porâ€¢ acsoâ€¢ spmâ€¢ cuta hckeadaTratâ€¦,Alexandra Cabrera,0,322,2021-06-19 20:15:25,0.0,0.0,neutral,0.0,1.0,0.0,0.0
a  vta s  albumes  s mdiales  futbolEuroRutaBictariaCaraboboDisculpateABCCOLORLokiJFreedomForSaabPerÃºFANBEsSoberaniaPuebInpntistaCombiaGNByPuebLibertarioAQUI ,Tiendas Ebert,0,1,2021-06-19 20:14:00,0.0,0.0,neutral,0.0,1.0,0.0,0.0
Ya  no recibimos respuestas ni disculpas  parte   sobre  artÃ­cu mal intcionado y difamatorio empeâ€¦,Alexandra Cabrera,0,1161,2021-06-19 20:10:40,0.0,0.0,negative,0.104,0.896,0.0,-0.296
Sigan  firmando estÃ¡ peticiÃ³nABCdisculpate DisculpateABCCOLOR ApogizeMikeSilvero DisculpateABCCOLOR ABCdisculpate ApogizeABCCOLOR,ğŸ˜œYumiku ğŸ˜‰âœŒğŸ»,1,0,2021-06-19 20:10:04,0.0,0.0,neutral,0.0,1.0,0.0,0.0
ARMY estÃ¡ hart@   no  disculp y so  burl.EXIGIMOS  DISCULPADisculpateMikeSilveroDisculpateABCCOLORElRacismoNoEsLibertadDeExpreonRacismIsNotFreedomOfExpresonApogizeMikeSilvero NUNCAMASSOMOSGEN ApogizeABCCOLOR,Valeria,0,0,2021-06-19 20:08:04,0.0,0.0,negative,0.099,0.901,0.0,-0.296
DisculpateMikeSilveroDisculpateABCCOLOR No permitiremos  racismo y xofobia contra s chicos todos mereceâ€¦,Valeria,0,1,2021-06-19 20:05:28,0.0,0.0,negative,0.145,0.855,0.0,-0.296
  Pedimos respeto   nos burn cuando salimos a frs creo  sÃ­ no te interesa CALLATE  gu nombrandos y eso  mÃ­ es a estrategia  dar a conocer.DisculpateMikeSilveroDisculpateABCCOLORElRacismoNoEsLibertadDeExpreon,Valeria,0,0,2021-06-19 20:04:43,0.0,0.0,negative,0.064,0.936,0.0,-0.296
â€œSi no pues respetar ni quiera abras  bocaâ€-Kim Namjoon ApogizeMikeSilvero DisculpateMikeSilvero EXIGIMOS â€¦,LUCERO,0,74,2021-06-19 20:02:18,0.0,0.0,negative,0.128,0.872,0.0,-0.296
Exigimos a disculpa!!!Esto no  pue dar asÃ­ remos respeto.DisculpateMikeSilvero DisculpateABCCOLOR ,LUCERO,0,36,2021-06-19 20:01:23,0.0,0.0,negative,0.17,0.83,0.0,-0.4724
So voy a cirte esto RACISMISNOTCOMEDY DisculpateMikeSilvero DisculpateABCCOLOR ,LUCERO,0,5,2021-06-19 20:01:09,0.0,0.0,neutral,0.0,1.0,0.0,0.0
Gte gan pidido  disculpa y gan ponido     no    olvido  xofobia y  manipudores quâ€¦,Alessuga,0,990,2021-06-19 19:49:22,0.0,0.0,negative,0.095,0.905,0.0,-0.296
 Exigimos respeto y a disculpa!!!! Aprda por favor a respetar a todas s personas a  periodista  verdad!! DisculpateMikeSilveroDisculpateABCCOLORElRacismoNoEsLibertadDeExpreonRacismIsNotFreedomOfExpreson ApogizeABCCOLOR ,Alessuga,1,0,2021-06-19 19:48:55,0.0,0.0,positive,0.0,0.85,0.15,0.5951
EXIGIMOS  DISCULPA â€œdiversos so   tinte  su cabâ€ FRASE RACISTA Y XENOFOBICAâ€œtampoco son muy buos  lâ€¦,",,,AslanËšâœ§â‚Šââá·€àº»à½½â‰€ËÌ®â€†âá·€àº»à½½ââºË³âœ§à¼š",0,521,2021-06-19 19:43:11,0.0,0.0,neutral,0.0,1.0,0.0,0.0
JIMIN Y Becky g dijeron  La gte  crÃ­tica mplemte me da pa. La Rap lÃ­ne dijeron  Ustes vidioso rtidoâ€¦,LUCERO,0,145,2021-06-19 19:40:29,0.0,0.0,neutral,0.0,1.0,0.0,0.0
VEN? HASTA ELLOS LO SABEN SABEN QUE SOMOS CAPACES DE DEFENDERLOS  Y UN MILLÃ“N DE VECES SABEN QUE SOMOS CAPACES DEâ€¦,LUCERO,0,92,2021-06-19 19:34:28,0.0,0.0,neutral,0.0,1.0,0.0,0.0
JIMIN Y Becky g dijeron  La gte  crÃ­tica mplemte me da pa. La Rap lÃ­ne dijeron  Ustes vidioso rtidoâ€¦,MAYRA MELCHI,0,145,2021-06-19 19:34:05,0.0,0.0,neutral,0.0,1.0,0.0,0.0
VEN? HASTA ELLOS LO SABEN SABEN QUE SOMOS CAPACES DE DEFENDERLOS  Y UN MILLÃ“N DE VECES SABEN QUE SOMOS CAPACES DEâ€¦,MAYRA MELCHI,0,92,2021-06-19 19:33:36,0.0,0.0,neutral,0.0,1.0,0.0,0.0
Con respecto al artÃ­cu redactado por exigimos  a removido y  disculp por haber hecho tal acusâ€¦,Alexandra Cabrera,0,1563,2021-06-19 19:33:12,0.0,0.0,neutral,0.0,1.0,0.0,0.0
ApogizeABCCOLORDisculpateABCCOLOR EstÃ¡n difdido a noticia  es completamte falsa. Ya estamos cansados  qâ€¦,Alexandra Cabrera,0,138,2021-06-19 19:32:56,0.0,0.0,neutral,0.0,1.0,0.0,0.0
â€œnuestros fans recib muchas crÃ­ticas so por r fans  idols  son realmte grans personas do honesto soâ€¦,Sel,0,14,2021-06-19 19:31:00,0.0,0.0,neutral,0.0,1.0,0.0,0.0
VEN? HASTA ELLOS LO SABEN SABEN QUE SOMOS CAPACES DE DEFENDERLOS  Y UN MILLÃ“N DE VECES SABEN QUE SOMOS CAPACES DEâ€¦,SashğŸ’œğŸ³ğŸ§ˆ SOS ColombiağŸ‡¨ğŸ‡´ğŸ“¢,0,92,2021-06-19 19:19:28,0.0,0.0,neutral,0.0,1.0,0.0,0.0
â€œnuestros fans recib muchas crÃ­ticas so por r fans  idols  son realmte grans personas do honestoâ€¦,Fernelly Durango R.,0,1941,2021-06-19 19:15:34,0.0,0.0,neutral,0.0,1.0,0.0,0.0
ImagÃ­nate r  racista  mie*da y cir  s son productos sobrevarados n quiera informarte     gruâ€¦,â·ğŸŒ rosağŸ—ï¸ğŸ·ï¸â·,0,708,2021-06-19 19:12:15,0.0,0.0,negative,0.146,0.854,0.0,-0.5574
Como army hemos vido soportando diversos atas  medios extranjeros por mplemte fr a bangtn  atas xâ€¦,Keren Soliz,0,3695,2021-06-19 19:06:26,0.0,0.0,positive,0.0,0.928,0.072,0.1027
Con respecto al artÃ­cu redactado por exigimos  a removido y  disculp por haber hecho tal acusâ€¦,ğŸ‡¦ğŸ‡²Vanessa JKMğŸ”°ğŸŠ ğŸ§ˆ,0,1563,2021-06-19 19:00:37,0.0,0.0,neutral,0.0,1.0,0.0,0.0
Esto ya esta esta llegando maado lejos exijimos   borre todos s articus es y BH tome medidas legalesâ€¦,ğŸ‡¦ğŸ‡²Vanessa JKMğŸ”°ğŸŠ ğŸ§ˆ,0,3603,2021-06-19 19:00:31,0.0,0.0,neutral,0.0,1.0,0.0,0.0
DisculpateMikeSilveroDisculpateABCCOLOR No permitiremos  racismo y xofobia contra s chicos todos merec respeto Si no ties nada buo  cir no abras  boca ,Alison de Condori,1,1,2021-06-19 18:59:26,0.0,0.0,negative,0.231,0.769,0.0,-0.6808
Si no pues respetar ni quiera habrÃ¡s  boca - Namjoon RACISMISNOTCOMEDYApogizeABCCOLOR ApogizeMikeSilverâ€¦,Paula_ARMY,0,514,2021-06-19 18:56:32,0.0,0.0,negative,0.136,0.864,0.0,-0.296
Con respecto al artÃ­cu redactado por exigimos  a removido y  disculp por haber hecho tal acusâ€¦,ğŸ²â†¬â€ à®“à¯€Í¡ÍœáÛ£Û£ÛœÍ¡ÍœáÛ£Û£Ûœ ğŸKings Í¡ÍœáÛ£Û£Ûœà®“à¯€â€ â†«â·ğŸ²,0,1563,2021-06-19 18:54:53,0.0,0.0,neutral,0.0,1.0,0.0,0.0
Esto ya esta esta llegando maado lejos exijimos   borre todos s articus es y BH tome medidas legalesâ€¦,ğŸ²â†¬â€ à®“à¯€Í¡ÍœáÛ£Û£ÛœÍ¡ÍœáÛ£Û£Ûœ ğŸKings Í¡ÍœáÛ£Û£Ûœà®“à¯€â€ â†«â·ğŸ²,0,3603,2021-06-19 18:54:30,0.0,0.0,neutral,0.0,1.0,0.0,0.0
No  vale  tipos  Ã©l estÃ©n  teviÃ³n don estÃ¡n s vares?No hay no existe! Y Ã©ste tipo no tie escrÃºpus al cir todo esto  teviÃ³n abiertaes shonroso y shonesto vergÃ¼za me da estÃ© tipo  comportamitoDisculpateMikeSilveroDisculpateABCCOLOR,Dianitaâ¤,1,0,2021-06-19 18:45:28,0.0,0.0,negative,0.157,0.843,0.0,-0.7088
â—COPIEN Y PEGUEN PARA HACER TENDENCIAâ—EXIGIMOS  DISCULPA ESTO ES  PROFESIONALISMODisculpateMikeSilveroDisculpateABCCOLORElRacismoNoEsLibertadDeExpreonRacismIsNotFreedomOfExpresonApogizeMikeSilvero NUNCAMASSOMOSGEN ApogizeABCCOLOR,Jessi army,2,0,2021-06-19 18:43:37,0.0,0.0,neutral,0.0,1.0,0.0,0.0
 DisculpateMikeSilvero DisculpateABCCOLOR Respeto es  quÃ© les falta amarillistas exigimos disculpas  verdad no esa mierda invtada con su estÃºpido chaleco antibas,Iris,1,0,2021-06-19 18:10:07,0.0,0.0,negative,0.091,0.909,0.0,-0.296
Me parece a falta  respeto esto.ApogizeMikeSilvero DisculpateMikeSilvero DisculpateABCCOLOR EXIGIMOS â€¦,Andrea Fuentes,0,1,2021-06-19 18:09:38,0.0,0.0,neutral,0.0,1.0,0.0,0.0
Cuando eres  periodista real fdamtas y con pruebas cals bocas cuando eres  periodista mediocre habs    habn s mÃ¡s  crearte fama.racismoApogizeABCCOLOR ApogizeMikeSilvero DisculpateABCCOLOR DisculpateMikeSilvero xofobia ,Jaz,1,0,2021-06-19 18:09:06,-0.15,0.65,neutral,0.0,1.0,0.0,0.0
Me parece a falta  respeto esto.ApogizeMikeSilvero DisculpateMikeSilvero DisculpateABCCOLOR EXIGIMOS  DISCULPA,Andrea Fuentes,2,1,2021-06-19 18:08:51,0.0,0.0,neutral,0.0,1.0,0.0,0.0
So comtaste  crearte fama   Ãºnico  mostraste fue  eres  hombre racista y con falta  conocimito.DisculpateMikeSilveroDisculpateABCCOLOR ,Jaz,2,0,2021-06-19 18:04:24,0.0,0.0,neutral,0.0,1.0,0.0,0.0
Esto ya esta esta llegando maado lejos exijimos   borre todos s articus es y BH tome medidas legalesâ€¦,Alexandra Cabrera,0,3603,2021-06-19 18:01:16,0.0,0.0,neutral,0.0,1.0,0.0,0.0
Sabes  es divertido? Que estos bots te van a jar n trabajoDices   Ã©xito  BTS es manipudo pues yo no  câ€¦,Hortensia,0,26,2021-06-19 17:57:42,0.0,0.0,negative,0.188,0.812,0.0,-0.7003
Y todavÃ­a no tie vergÃ¼za  disculpar su falta  profeonalismo.ApogizeABCCOLORApogizeMikeSilveroDisculpateABCCOLORDisculpateMikeSilvero,SooLi_Ë¢áµ‰áµ›áµ‰â¿ğŸš²ğŸ’›ğŸ’œ,0,0,2021-06-19 17:52:47,0.0,0.0,negative,0.145,0.855,0.0,-0.296
 ApogizeABCCOLOR ApogizeMikeSilvero DisculpateMikeSilvero DisculpateABCCOLOR El racismo no es a broma!!,xani robles,0,0,2021-06-19 17:50:04,0.0,0.0,negative,0.218,0.782,0.0,-0.4184
abc su Ã©xito es manipudo bts   DisculpateABCCOLOR ,Vianey,0,6468,2021-06-19 17:49:17,0.0,0.0,neutral,0.0,1.0,0.0,0.0
 Lo  haces por  minuto  famaDisculpateMikeSilveroApogizeMikeSilveroDisculpateABCCOLORApogizeABCCOLOR,Maria Fernanda,1,0,2021-06-19 17:45:43,0.0,0.0,neutral,0.0,1.0,0.0,0.0
 Exigimos a bua disculpa hacia Bangtan y Army  amÃ¡s   spido ya   nota  Mike no tie profeonalismo y tie muy normalizado  racismo y  xofobia .DisculpateMikeSilvero DisculpateABCCOLOR ElRasmoNoEsLibertadDeExpreon,Monserrat,1,0,2021-06-19 17:37:53,0.0,0.0,negative,0.068,0.932,0.0,-0.296
No formo parte l fandom  BTS  me parece injusto  e diario amarillista  Abc Cor quiere smeritar a artistasâ€¦,Karla,0,1719,2021-06-19 17:34:36,0.0,0.0,negative,0.091,0.909,0.0,-0.296
Por favor copi y pegu s   hacer tncia y nciar  q estÃ¡ pasandoDisculpateMikeSilveroDisculpateABâ€¦,BULLETPROOF,0,1097,2021-06-19 17:31:50,0.0,0.0,positive,0.0,0.847,0.153,0.4019
Con respecto al artÃ­cu redactado por exigimos  a removido y  disculp por haber hecho tal acusâ€¦,Etanim,0,1563,2021-06-19 17:24:46,0.0,0.0,neutral,0.0,1.0,0.0,0.0
Lmars Productos sobrevarados a esos chicos  lucharon  llegar al Ã©xito es  rio? DisculpateMikeSilvero â€¦,DanyğŸ€,0,4,2021-06-19 17:24:22,0.0,0.0,neutral,0.0,1.0,0.0,0.0
Lmars Productos sobrevarados a esos chicos  lucharon  llegar al Ã©xito es  rio? DisculpateMikeSilvero â€¦,Bichiyal pensativa âœ,0,4,2021-06-19 17:15:44,0.0,0.0,neutral,0.0,1.0,0.0,0.0
Por favor vÃ­ este correo no olvin cambiar algas cosas   no les tome  spam. Ya pasÃ³  dia y  tâ€¦,ï¼¤ğ”ğ§á•¼ á¶»á¶»á¶»,0,1260,2021-06-19 17:12:50,0.0,0.0,negative,0.225,0.686,0.088,-0.4939
 EXIGIMOS  DISCULPA ESTO ES  PROFESIONALISMODisculpateMikeSilveroDisculpateABCCOLORElRacismoNoEsLibertadDeExpreonRacismIsNotFreedomOfExpresonApogizeMikeSilvero NUNCAMASSOMOSGEN ApogizeABCCOLOR,ìˆ­ì˜ë¯¸,2,0,2021-06-19 17:12:38,0.0,0.0,neutral,0.0,1.0,0.0,0.0
 EXIGIMOS  DISCULPA ESTO ES  PROFESIONALISMODisculpateMikeSilveroDisculpateABCCOLORElRacismoNoEsLibertadDeExpreonRacismIsNotFreedomOfExpresonApogizeMikeSilvero NUNCAMASSOMOSGEN ApogizeABCCOLOR,ìˆ­ì˜ë¯¸,1,0,2021-06-19 17:12:12,0.0,0.0,neutral,0.0,1.0,0.0,0.0
 EXIGIMOS  DISCULPA ESTO ES  PROFESIONALISMODisculpateMikeSilveroDisculpateABCCOLORElRacismoNoEsLibertadDeExpreonRacismIsNotFreedomOfExpresonApogizeMikeSilvero NUNCAMASSOMOSGEN ApogizeABCCOLOR,ìˆ­ì˜ë¯¸,1,0,2021-06-19 17:11:20,0.0,0.0,neutral,0.0,1.0,0.0,0.0
 â—COPIEN Y PEGUEN PARA HACER TENDENCIAâ—EXIGIMOS  DISCULPA ESTO ES  PROFESIONALISMODisculpateMikeSilveroDisculpateABCCOLORElRacismoNoEsLibertadDeExpreonRacismIsNotFreedomOfExpresonApogizeMikeSilvero NUNCAMASSOMOSGEN ApogizeABCCOLOR,ìˆ­ì˜ë¯¸,2,1,2021-06-19 17:09:52,0.0,0.0,neutral,0.0,1.0,0.0,0.0
El racismo no es divertido  exigimos a disculpa!DiscÃºlpate biDisculpateMikeSilveroApogizeMikeSilveroDisculpateABCCOLOR ApogizeABCCOLORDisculpateABCCOLOR,Val.tete,1,0,2021-06-19 16:58:50,0.0,0.0,negative,0.151,0.849,0.0,-0.3595
El racismo no es divertido  exigimos a disculpa!DisculpateMikeSilveroApogizeMikeSilveroDisculpateABCCOLOR,Val.tete,0,0,2021-06-19 16:57:27,0.0,0.0,negative,0.199,0.801,0.0,-0.3595
Con respecto al artÃ­cu redactado por exigimos  a removido y  disculp por haber hecho tal acusâ€¦,Val.tete,0,1563,2021-06-19 16:53:42,0.0,0.0,neutral,0.0,1.0,0.0,0.0
 El racismo no es divertido  exigimos a disculpa!DisculpateMikeSilveroApogizeMikeSilveroDisculpateABCCOLOR ApogizeABCCOLOR,ë¯¸ ë ë¦¬ â„¢,2,0,2021-06-19 16:53:32,0.0,0.0,negative,0.172,0.828,0.0,-0.3595
Nadie  mete con  s son maado buas personas son luz y ayudÃ³ a ARMY    am a sÃ­ mismasâ€¦,Fernanda.icc,0,1,2021-06-19 16:50:57,0.0,0.0,neutral,0.0,1.0,0.0,0.0
Lmars Productos sobrevarados a esos chicos  lucharon  llegar al Ã©xito es  rio? DisculpateMikeSilvero â€¦,ğ™²ğš˜ğšğšğšğš”ğš˜ğš˜ğš”ğŸ¥ğš˜ğšâ·|ğŸ¹ğŸ§ˆ,0,4,2021-06-19 16:44:43,0.0,0.0,neutral,0.0,1.0,0.0,0.0
 EXIGIMOS  DISCULPA!!DisculpateMikeSilveroDisculpateABCCOLORElRacismoNoEsLibertadDeExpreonRacismIsNotFreedomOfExpreson ApogizeABCCOLOR,âƒSeo á´®á´± âƒ,2,0,2021-06-19 16:39:30,0.0,0.0,neutral,0.0,1.0,0.0,0.0
Una vez  k-army hace  poble   todo llegue a s noticias coreanas s  causaron dichos problemas ya no tieâ€¦,ElizabethğŸ’œğŸ’œğŸ’œ,0,66,2021-06-19 16:30:24,0.0,0.0,negative,0.087,0.913,0.0,-0.296
VEN? HASTA ELLOS LO SABEN SABEN QUE SOMOS CAPACES DE DEFENDERLOS  Y UN MILLÃ“N DE VECES SABEN QUE SOMOS CAPACES DEâ€¦,ElizabethğŸ’œğŸ’œğŸ’œ,0,92,2021-06-19 16:30:03,0.0,0.0,neutral,0.0,1.0,0.0,0.0
Exigimos a disculpa YA !!! DisculpateMikeSilveroDisculpateABCCOLORElRacismoNoEsLibertadDeExpreonRacismIsNotFreâ€¦,adriana,0,58,2021-06-19 16:29:53,0.0,0.0,neutral,0.0,1.0,0.0,0.0
JIMIN Y Becky g dijeron  La gte  crÃ­tica mplemte me da pa. La Rap lÃ­ne dijeron  Ustes vidioso rtidoâ€¦,ElizabethğŸ’œğŸ’œğŸ’œ,0,145,2021-06-19 16:29:52,0.0,0.0,neutral,0.0,1.0,0.0,0.0
â€œSi no pues respetar ni quiera abras  bocaâ€-Kim Namjoon ApogizeMikeSilvero DisculpateMikeSilvero EXIGIMOS â€¦,ElizabethğŸ’œğŸ’œğŸ’œ,0,74,2021-06-19 16:29:45,0.0,0.0,negative,0.128,0.872,0.0,-0.296
Y s niÃ±as   aÃ±os somos nosotrascuando  Ã±or  va por s  tira comtarios fuera  lugar incitando  odio yâ€¦,ğŸ’›ì „ì •êµ­ğŸ’›,0,428,2021-06-19 16:25:05,0.0,0.0,neutral,0.0,1.0,0.0,0.0
Si tu opiniÃ³n incita al odio ridiculiza o hace mos a a persona NO es a opiniÃ³n es maltrato/discriminaciÃ³n. Yâ€¦,ğŸ’›ì „ì •êµ­ğŸ’›,0,199,2021-06-19 16:24:55,0.0,0.0,negative,0.134,0.866,0.0,-0.4466
 De quÃ© eres  racista xÃ³fobo y  MÃ©xico ya eres famoso por estÃºpido ğŸ‡²ğŸ‡½ DisculpateMikeSilvero  DisculpateABCCOLOR  ARMY,Gaby Ale,3,0,2021-06-19 16:24:46,0.0,0.0,neutral,0.0,1.0,0.0,0.0
Exigimos a disculpa!!!Esto no  pue dar asÃ­ remos respeto.DisculpateMikeSilvero DisculpateABCCOLOR ,atsumi tanezaki,0,36,2021-06-19 16:23:11,0.0,0.0,negative,0.17,0.83,0.0,-0.4724
Te dico esta  De mi poroso Dios Min Yoongi ra  DisculpateABCCOLORApogizeABCCOLOR htâ€¦,ğŸ’œ Lore ğŸ‡²ğŸ‡½ğŸŒ,0,15,2021-06-19 16:22:39,0.0,0.0,neutral,0.0,1.0,0.0,0.0
vivimos   paÃ­s con tanta xofobia cansada  vivir   paÃ­s asÃ­  vez  habr  s necedas quÃ© hay  eâ€¦,ğŸ’œ Lore ğŸ‡²ğŸ‡½ğŸŒ,0,52,2021-06-19 16:21:45,0.0,0.0,neutral,0.0,1.0,0.0,0.0
